age,income,spending_score,membership_years,purchase_frequency,last_purchase_amount,gender_Female,gender_Male,gender_Other,preferred_category_Clothing,preferred_category_Electronics,preferred_category_Groceries,preferred_category_Home & Garden,preferred_category_Sports,cluster
-0.3846437740140872,0.31686766944369305,1.3584677639006595,-0.8650101276831604,-0.1823478063567503,-1.2815404465977354,True,False,False,False,False,True,False,False,1
-1.5153621136716147,-0.2820160839139862,0.3218651207105339,-1.2153584985552384,1.0820052423418265,-1.5237626580225256,True,False,False,False,False,False,False,True,2
1.078638783189772,1.1127780397552092,-0.7147375224795917,-1.2153584985552384,0.09861953779848899,-0.23000511172109353,True,False,False,True,False,False,False,False,1
-0.2516180869955546,-1.2100959189733511,0.8056130208659259,1.2370800975493068,-1.516942691094137,1.6900795326695235,False,False,True,False,False,False,True,False,3
1.4112030007361036,1.5233743778307913,-1.0257183154366294,-0.8650101276831604,-0.11210597031794048,-0.49144271645444265,True,False,False,False,True,False,False,False,1
-0.8502336785789515,-0.9117939381647385,-0.9220580511176169,-0.8650101276831604,0.23910320987610864,-1.3717986672794868,False,False,True,False,False,False,True,False,2
-1.6483878006901473,-0.999069042485189,0.5982924922279007,-0.16431338593900463,1.1522470783806362,-1.0170243193448814,False,False,True,True,False,False,False,False,2
-0.05207955646775562,0.5732857840462757,1.496681449659343,1.2370800975493068,0.02837770175967916,0.8193989383343523,False,True,False,False,False,True,False,False,3
0.6130488786249076,-1.5805620767970987,-0.7492909439192625,0.18603498493307324,-1.3764590190165173,1.5540156032909616,False,True,False,False,False,False,False,True,0
0.7460745656434403,-1.2469233240114515,0.14909801351217966,0.5363833558051512,-1.7276681992105665,1.1124336862898736,True,False,False,False,True,False,False,False,0
-1.3823364266530822,-0.5507100001959357,-1.1984854226349837,0.5363833558051512,-0.1823478063567503,-0.1941115689387328,False,False,True,True,False,False,False,False,2
1.6107415312639024,-1.70817195806404,1.3930211853403305,-1.5657068694273162,1.5736980946134953,1.3450482010603848,False,False,True,False,False,True,False,False,3
-0.9832593655974842,-0.030391377586203836,1.0474869709436219,-0.8650101276831604,0.02837770175967916,-1.3236925241724964,True,False,False,False,False,False,True,False,1
1.3446901572268373,-1.6216567843237408,-0.16188277944485802,-0.5146617568110825,-1.6574263631717565,-0.9167862729130862,False,False,True,False,False,False,False,True,1
-0.7172079915604188,0.6944362553819312,-1.1639320011953127,-0.16431338593900463,-1.3062171829777074,1.4328368377429728,False,True,False,False,False,False,True,False,0
0.6130488786249076,1.192015416785598,-1.1639320011953127,0.18603498493307324,-0.04186413427913066,-0.9030851562053989,False,True,False,True,False,False,False,False,2
0.8791002526619729,0.41019299030611717,-0.7492909439192625,-0.16431338593900463,-0.9550080027836584,-0.38525060449041787,False,True,False,True,False,False,False,False,1
-1.4488492701623485,-1.363543439965436,-0.9911648939969585,-1.5657068694273162,0.30934504591491846,1.1899041980444507,False,True,False,False,False,False,False,True,0
-0.45115661752335356,0.20431025928359434,1.3584677639006595,0.18603498493307324,-0.3930733144731798,-0.12692535219437073,False,True,False,False,False,False,True,False,3
-0.8502336785789515,0.2514259552529735,0.6673993351072425,-0.8650101276831604,-0.6740406586284191,-1.4582341072502045,False,True,False,False,False,True,False,False,1
-1.6483878006901473,-0.17483664401341958,-1.3021456869539962,-0.5146617568110825,-1.5871845271329468,0.8458877639692142,True,False,False,False,False,False,True,False,0
-1.4488492701623485,-1.152282738683381,0.8056130208659259,1.5874284684213849,1.4332144225358756,1.0384476560683629,False,True,False,False,False,False,True,False,3
-0.5176694610326199,-0.08849683886853991,0.5982924922279007,-1.5657068694273162,-0.7442824946672288,1.0629405165532162,False,False,True,False,False,False,False,True,0
-0.18510524348628826,-0.19707922753246274,1.254807499581647,0.5363833558051512,-1.2359753469388977,-0.03433286718464295,False,False,True,True,False,False,False,False,3
1.6772543747731687,-1.5304066585071143,0.9438267066246093,-0.16431338593900463,0.8712797342253971,0.055857693661515065,True,False,False,False,False,False,False,True,3
-0.7172079915604188,1.5565774985635548,0.3218651207105339,1.5874284684213849,0.8712797342253971,-1.3839097778507263,False,False,True,False,False,True,False,False,2
0.679561722134174,-1.5522108205376086,-1.4058059512730088,1.2370800975493068,-1.5871845271329468,-1.2451394550484232,False,True,False,False,False,True,False,False,1
-0.9167465220882178,-1.1054300956071312,-1.0948251583159712,0.5363833558051512,0.02837770175967916,0.07960629595483941,True,False,False,False,False,False,False,True,2
-1.7149006441994137,-0.5196697588066798,0.9438267066246093,0.5363833558051512,-1.7979100352493762,-1.0164153808245395,True,False,False,False,False,False,True,False,1
-1.3823364266530822,0.4561103342067962,-0.7147375224795917,-0.5146617568110825,-0.46331515051198957,1.550125162744334,False,True,False,False,True,False,False,False,0
-0.5176694610326199,-0.3432781799138737,-1.1984854226349837,0.886731726677229,0.02837770175967916,1.616093502448013,False,False,True,True,False,False,False,False,0
1.078638783189772,-1.25002150253053,0.6328459136675716,-1.2153584985552384,-0.6037988225896093,-0.9981810551320868,True,False,False,False,True,False,False,False,1
-0.9832593655974842,-0.483719196745677,-1.6822333227903756,0.18603498493307324,1.4332144225358756,-1.3545792391209368,False,True,False,False,True,False,False,False,2
0.01443328704151071,-0.05576136772356185,1.3239143424609887,-0.5146617568110825,0.7307960621477774,-1.4052902858982776,False,False,True,False,False,True,False,False,1
0.08094613055077704,-1.3258684200494746,0.1145445920725088,1.5874284684213849,1.5034562585746853,0.4968645020600578,False,False,True,False,False,False,False,True,3
-0.9167465220882178,-0.43949708260072,-0.4728635724018957,-1.5657068694273162,-1.446700855055327,0.13586544925084865,True,False,False,True,False,False,False,False,1
0.2139718175693097,0.5720874319775757,0.9438267066246093,-0.5146617568110825,0.8010378981865872,-1.2319119571898909,False,True,False,False,True,False,False,False,2
0.280484661078576,-0.19602701595994557,1.3239143424609887,0.5363833558051512,1.643939930652305,1.609090709464084,False,False,True,False,True,False,False,False,3
-0.8502336785789515,-0.38314530727257917,-0.2655430437638706,-0.5146617568110825,0.1688613738372988,-1.3664197103498021,True,False,False,False,False,False,False,True,2
-1.4488492701623485,0.5423624550539661,-1.2675922655143252,-0.16431338593900463,1.0117634063030168,-1.3311689360055798,False,True,False,False,False,False,True,False,2
-1.3823364266530822,-0.5196113026082065,-0.6801841010399209,-1.5657068694273162,1.5034562585746853,0.7475780228518345,False,True,False,False,False,False,True,False,2
0.5465360351156413,0.789982911786336,0.6673993351072425,-1.2153584985552384,0.5200705540313479,-1.013844307071986,False,True,False,True,False,False,False,False,1
-0.5841823045418862,-0.477055190119735,-1.544019637031692,0.18603498493307324,1.292730750458256,-1.106808921177478,False,True,False,False,False,False,True,False,2
-1.0497722091067505,-0.762730632058142,0.9783801280642801,-0.16431338593900463,1.643939930652305,1.570998222024934,False,False,True,False,False,False,True,False,3
0.4135103480971087,-1.3473218448891298,-0.19643620088452887,-0.5146617568110825,0.30934504591491846,0.8838111018193805,False,True,False,False,False,False,True,False,0
0.34699750458784234,0.17625128401647025,-0.7838443653589334,-0.16431338593900463,1.0820052423418265,-0.938505080138605,False,False,True,True,False,False,False,False,2
0.8125874091527067,1.18386077709859,-0.36920330808288315,0.18603498493307324,-1.3062171829777074,-0.46349920435432024,False,True,False,False,True,False,False,False,1
0.280484661078576,-0.3561093154787357,1.496681449659343,1.2370800975493068,-1.6574263631717565,-1.0252788192872904,False,True,False,False,True,False,False,False,1
-1.6483878006901473,-0.09329024714334028,0.49463222790888817,-0.16431338593900463,-1.165733510900088,-1.5690270880345882,False,False,True,False,False,False,False,True,1
1.6107415312639024,1.6957617071281847,1.5657882925386846,-1.2153584985552384,-0.6037988225896093,0.6138145278834514,True,False,False,False,False,True,False,False,1
1.1451516266990382,-0.7953199627069371,1.1165938138229636,1.2370800975493068,0.5903123900701578,-1.2923998502104947,True,False,False,True,False,False,False,False,3
-1.3158235831438159,0.22158406593241758,1.1165938138229636,-0.5146617568110825,0.6605542261089675,0.3281547020076236,True,False,False,False,False,False,False,True,3
0.08094613055077704,1.3368991047013625,0.771059599426255,1.2370800975493068,-0.7442824946672288,1.3568886722892504,False,False,True,False,False,True,False,False,3
-0.7172079915604188,-1.2674706777747726,1.1511472352626344,1.2370800975493068,0.8010378981865872,-0.5413080152868646,True,False,False,False,False,False,True,False,3
0.8125874091527067,-0.08840915457083016,0.14909801351217966,-1.2153584985552384,1.0117634063030168,0.9545156300146055,True,False,False,False,False,False,False,True,0
-0.11859239997702194,-0.43943862640224685,-0.023669093686174612,-0.5146617568110825,-0.9550080027836584,1.3894668831275285,False,False,True,False,False,False,False,True,0
1.278177313717571,-1.1367918460879896,-1.5094662155920213,1.2370800975493068,-0.46331515051198957,-1.0047778891024548,False,False,True,False,True,False,False,False,0
0.34699750458784234,0.6926241132292628,-0.09277593656551632,-0.16431338593900463,-0.1823478063567503,1.1891937697707187,True,False,False,False,False,False,False,True,0
-0.05207955646775562,-0.2018434077080265,-1.336699108393667,0.5363833558051512,-1.7979100352493762,1.0619594489371103,True,False,False,False,True,False,False,False,0
-1.5153621136716147,1.487306903372842,-1.7167867442300464,-0.16431338593900463,-1.3764590190165173,-0.31383564802146097,True,False,False,True,False,False,False,False,1
-1.3823364266530822,-0.5660839803943808,-1.2675922655143252,0.18603498493307324,-1.3764590190165173,-0.9049119717664239,False,True,False,False,False,True,False,False,1
-0.9167465220882178,0.018945653925155976,1.254807499581647,1.5874284684213849,0.6605542261089675,-1.07558390705107,False,False,True,True,False,False,False,False,2
0.34699750458784234,-0.24869605078427637,-0.05822251512584547,0.886731726677229,-1.446700855055327,0.4881702131862907,True,False,False,False,False,False,False,True,1
0.4135103480971087,-0.09907741079218461,-0.6801841010399209,-1.5657068694273162,-0.5335569865507994,-0.5862679760387564,True,False,False,False,True,False,False,False,1
-1.1162850526160168,0.06009881765027127,-0.5074169938415666,-1.2153584985552384,-1.7276681992105665,0.007447081294353767,False,False,True,False,False,False,False,True,1
-0.7837208350696852,0.3439913455352463,0.6328459136675716,-0.8650101276831604,0.1688613738372988,0.6552900071022772,False,True,False,False,False,False,True,False,3
-0.5176694610326199,1.1353713604650912,0.8401664423055967,-0.16431338593900463,-1.3764590190165173,-0.5289939252088444,True,False,False,False,True,False,False,False,1
-0.05207955646775562,-0.020278455250344538,0.04543774919316709,1.2370800975493068,1.0117634063030168,-1.3439566449327547,True,False,False,True,False,False,False,False,2
-0.7837208350696852,1.3842486254646345,1.2893609210213177,-0.16431338593900463,-0.7442824946672288,-1.316046962750429,False,True,False,False,True,False,False,False,1
0.34699750458784234,-1.3902286945684403,-0.64563067960025,1.2370800975493068,1.5736980946134953,0.011066882498606895,False,False,True,False,False,False,False,True,2
-1.3823364266530822,-0.6466658499896527,0.3218651207105339,-1.5657068694273162,-0.6037988225896093,-1.4026515523101304,True,False,False,False,True,False,False,False,1
0.9456130961712392,-0.9464292357600947,-0.7147375224795917,-0.8650101276831604,1.643939930652305,1.3121993508797323,False,False,True,False,False,True,False,False,0
-0.8502336785789515,0.700048050435356,-1.0257183154366294,-1.5657068694273162,-1.516942691094137,0.20251038731046286,True,False,False,False,False,True,False,False,1
-0.3846437740140872,0.4221472828938815,0.4255253850295465,0.886731726677229,-1.2359753469388977,-1.35204199528618,True,False,False,False,False,False,True,False,1
0.9456130961712392,1.5939894655863869,0.18365143495185052,0.886731726677229,1.0820052423418265,-1.4708526665883954,False,False,True,False,False,True,False,False,2
1.078638783189772,1.2451228730984776,0.5982924922279007,0.886731726677229,0.09861953779848899,0.10352404783714778,True,False,False,False,False,False,True,False,3
0.34699750458784234,-1.689173693560258,-1.6131264799110339,-1.5657068694273162,0.6605542261089675,1.6835503585347493,False,True,False,False,False,True,False,False,0
-0.7837208350696852,-1.2992708497441798,-1.0602717368763002,0.5363833558051512,-1.165733510900088,-1.5250481948988024,False,False,True,True,False,False,False,False,1
-0.9167465220882178,0.2046025402759602,-0.8183977867986042,-0.8650101276831604,-0.8847661667448485,-0.05446166827371417,False,False,True,False,False,True,False,False,1
1.6107415312639024,-1.2687567141411824,0.1145445920725088,-0.5146617568110825,0.9415215702642069,0.8330662251242429,False,False,True,False,True,False,False,False,0
1.4112030007361036,0.8375662573435005,1.3584677639006595,1.2370800975493068,0.8712797342253971,1.0825956987931329,False,False,True,False,True,False,False,False,3
-0.5176694610326199,1.7548901518838014,0.3218651207105339,-1.5657068694273162,-0.6740406586284191,-1.61263385207461,True,False,False,False,False,True,False,False,1
-0.5176694610326199,0.319352057878803,1.496681449659343,0.886731726677229,-0.8145243307060387,-0.7689833620590486,True,False,False,False,False,False,False,True,1
0.8125874091527067,-0.8630999248365836,0.9092732851849384,1.2370800975493068,0.5903123900701578,-1.6210913315237996,False,True,False,False,True,False,False,False,3
-1.6483878006901473,0.368250667901614,-0.2655430437638706,-0.8650101276831604,-0.8847661667448485,-0.3382608486707205,False,True,False,True,False,False,False,False,1
-0.8502336785789515,-0.7789814552336846,-0.9220580511176169,0.18603498493307324,0.30934504591491846,-1.256946096359492,False,False,True,False,False,False,True,False,2
1.0121259396805056,-1.1840536825535517,-1.6476799013507046,1.5874284684213849,1.5034562585746853,0.8916596427482283,False,True,False,False,False,False,True,False,0
-0.8502336785789515,-0.9762418969814141,-1.0602717368763002,0.5363833558051512,0.30934504591491846,-1.4631732752485314,False,True,False,False,False,False,False,True,2
-1.7149006441994137,0.49597746156550165,-1.4749127941523505,0.5363833558051512,-1.5871845271329468,0.8587093028141856,False,False,True,True,False,False,False,False,0
0.08094613055077704,-0.7342040072032324,1.012933549503951,-0.5146617568110825,-1.3062171829777074,0.885976216558373,False,False,True,False,False,False,True,False,3
-0.7837208350696852,0.10487626568072342,-1.1984854226349837,-1.5657068694273162,1.4332144225358756,-0.9556568484615615,False,False,True,False,False,False,True,False,2
-0.31813093050482094,0.45391822676405214,0.5637390707882299,0.18603498493307324,0.09861953779848899,1.4817887287948823,False,False,True,False,False,False,True,False,3
1.4112030007361036,-0.7514193576535825,1.1165938138229636,0.886731726677229,-1.095491674861278,-0.8855612587866781,False,True,False,False,True,False,False,False,1
0.14745897406004335,0.7194555083284502,-1.5094662155920213,1.5874284684213849,-0.9550080027836584,-1.020982419727102,False,False,True,True,False,False,False,False,1
-0.9167465220882178,-0.3675375022802414,1.6003417139783556,1.5874284684213849,-0.5335569865507994,0.6039361918867981,False,False,True,False,False,False,False,True,3
-1.3823364266530822,0.5839540402676302,-0.16188277944485802,1.5874284684213849,-0.3930733144731798,-0.38917487495484193,False,True,False,True,False,False,False,False,2
1.278177313717571,0.4189321919778568,-0.6801841010399209,0.5363833558051512,-0.46331515051198957,0.30521801774142143,False,False,True,False,True,False,False,False,0
0.34699750458784234,-1.2219040710649327,1.669448556857697,1.2370800975493068,-0.04186413427913066,0.6168930504029567,False,True,False,True,False,False,False,False,3
-1.5153621136716147,0.4829417293059836,-0.19643620088452887,-0.8650101276831604,0.37958688195372825,1.0267086745928882,False,False,True,False,False,False,False,True,0
-1.1827978961252832,-0.8477551727373751,0.2527582778311922,-1.2153584985552384,1.643939930652305,-1.5866863051244964,True,False,False,True,False,False,False,False,2
-0.2516180869955546,0.7911520357557995,-1.7167867442300464,-1.2153584985552384,-1.516942691094137,-0.8472319619229508,True,False,False,False,False,True,False,False,1
-1.7149006441994137,-1.144420379988739,0.6673993351072425,0.5363833558051512,0.8010378981865872,-1.2354979284763472,False,True,False,False,False,True,False,False,2
-1.6483878006901473,-0.38203463950158884,-0.023669093686174612,0.5363833558051512,0.37958688195372825,0.13586544925084865,False,True,False,True,False,False,False,False,2
1.078638783189772,1.5755757630673366,-1.6131264799110339,-1.2153584985552384,-1.7979100352493762,-1.5655426065015223,True,False,False,False,False,False,False,True,1
-1.581874957180881,-1.5642527974230829,-1.5094662155920213,-1.2153584985552384,1.292730750458256,0.354542037889095,False,False,True,True,False,False,False,False,2
0.7460745656434403,1.7152860774182253,-0.4728635724018957,0.5363833558051512,0.02837770175967916,1.5200503658230158,True,False,False,False,True,False,False,False,0
-1.6483878006901473,-1.4762469906217177,0.2873116992708631,0.18603498493307324,0.23910320987610864,1.2904467137364164,False,False,True,False,False,False,False,True,3
1.4112030007361036,-0.19722536802864568,0.7365061779865841,1.2370800975493068,-0.3930733144731798,0.4779535780116697,False,True,False,False,False,False,True,False,3
0.8791002526619729,-0.19892059778436774,1.3584677639006595,0.886731726677229,1.2224889144194462,-1.0573495813586173,True,False,False,False,True,False,False,False,3
0.8125874091527067,-1.3978280003699532,1.2202540781419762,0.5363833558051512,0.8010378981865872,0.4577232871692081,True,False,False,False,False,False,True,False,3
-0.45115661752335356,0.6646820503590851,-0.6110772581605791,-0.16431338593900463,0.5200705540313479,0.8930128394600989,False,True,False,False,False,False,False,True,0
1.3446901572268373,-0.04369016273885118,1.1857006567023052,0.5363833558051512,-0.46331515051198957,1.4830404357533622,False,True,False,True,False,False,False,False,3
0.9456130961712392,-0.16498677457068958,-0.6110772581605791,0.5363833558051512,-0.46331515051198957,-0.14082944840883832,False,True,False,False,False,True,False,False,0
-0.7837208350696852,-1.5487034486292182,-1.6131264799110339,-0.16431338593900463,0.6605542261089675,-0.26018139839580207,False,True,False,False,False,False,False,True,2
1.3446901572268373,-0.026474812288501102,-1.371252529833338,-0.16431338593900463,-0.3930733144731798,-1.4295463369585533,False,True,False,False,True,False,False,False,1
1.0121259396805056,1.067211433045369,1.3239143424609887,0.5363833558051512,1.0820052423418265,-0.137108157451195,False,True,False,False,False,False,True,False,3
1.2116644702083046,1.1638979853200007,-0.23098962232419973,-0.5146617568110825,0.30934504591491846,0.5973055279986333,False,True,False,False,True,False,False,False,0
1.2116644702083046,-1.1635063287902307,-0.5074169938415666,1.2370800975493068,1.2224889144194462,0.8908138948033093,False,True,False,False,False,False,True,False,3
-0.7172079915604188,0.7205661760994405,0.8401664423055967,0.886731726677229,1.3629725864970659,1.3641282746977565,False,True,False,False,False,True,False,False,3
1.6107415312639024,-0.29788694179945324,-1.336699108393667,-1.2153584985552384,1.5736980946134953,1.2036391446699344,True,False,False,True,False,False,False,False,0
0.2139718175693097,0.6889413727254527,-0.023669093686174612,-0.16431338593900463,-0.3930733144731798,1.3255959983272487,True,False,False,False,False,True,False,False,0
-0.05207955646775562,-1.3341399721334288,0.529185649348559,0.18603498493307324,-0.25258964239556014,-1.197033311941433,False,True,False,False,True,False,False,False,1
-1.1827978961252832,-0.9641122357982302,-0.7492909439192625,1.2370800975493068,0.7307960621477774,-1.4945336090461263,False,False,True,False,False,False,False,True,2
-0.9167465220882178,-1.0828075467980123,1.496681449659343,0.886731726677229,-0.6740406586284191,0.20636699793929328,False,True,False,False,False,False,True,False,3
1.47771584424537,-0.5593907456692022,0.2527582778311922,-1.5657068694273162,-0.25258964239556014,1.5823312444868483,False,False,True,True,False,False,False,False,0
-1.1827978961252832,-0.5467349786997598,0.3218651207105339,1.2370800975493068,0.1688613738372988,-0.34837599409195125,True,False,False,False,True,False,False,False,2
0.9456130961712392,-1.6262748240031215,1.3584677639006595,-0.16431338593900463,-0.6037988225896093,-0.29533068298663406,False,True,False,False,False,False,False,True,3
-0.2516180869955546,-0.21815268708204236,0.6673993351072425,1.5874284684213849,1.292730750458256,-0.41136730102951546,False,False,True,False,True,False,False,False,3
1.5442286877546363,-1.4063333772478002,0.46007880646921734,-1.5657068694273162,-0.6740406586284191,1.572114609312227,False,False,True,False,False,False,False,True,0
1.1451516266990382,1.259912291312191,-0.887504629677946,0.5363833558051512,-0.04186413427913066,0.7503520761111684,True,False,False,True,False,False,False,False,0
0.48002319160637497,-1.3492801275379813,0.6673993351072425,1.2370800975493068,0.09861953779848899,1.429724485305671,False,True,False,False,False,False,False,True,3
1.5442286877546363,0.8073736308321056,0.9438267066246093,1.5874284684213849,0.09861953779848899,-1.6274175261517934,True,False,False,False,False,False,True,False,1
-1.2493107396345495,0.16119881290962768,1.1857006567023052,0.886731726677229,1.5736980946134953,0.9199414540263183,False,False,True,False,False,True,False,False,3
-1.1827978961252832,-0.7707391312489669,1.3930211853403305,0.18603498493307324,-0.6037988225896093,-1.4269076033704062,False,True,False,False,False,False,False,True,1
-0.9832593655974842,0.3445759075199781,1.1857006567023052,0.886731726677229,0.1688613738372988,-0.03883224625161177,True,False,False,True,False,False,False,False,3
-0.8502336785789515,1.6589927582885575,-0.887504629677946,1.5874284684213849,0.7307960621477774,-0.3854874139149953,False,True,False,False,False,False,False,True,2
0.280484661078576,-0.1969330870362798,-0.05822251512584547,0.18603498493307324,1.3629725864970659,-1.059210226837439,False,True,False,False,False,False,False,True,2
1.5442286877546363,0.9370587071448446,0.529185649348559,-1.2153584985552384,-0.3930733144731798,1.034692535192923,True,False,False,True,False,False,False,False,0
-1.7149006441994137,0.32551918681772296,-0.6110772581605791,0.886731726677229,-0.25258964239556014,-0.5956726931862554,True,False,False,False,False,True,False,False,2
-1.7149006441994137,-0.3040832988376098,1.1511472352626344,-0.8650101276831604,-0.04186413427913066,-0.1319660099460878,True,False,False,True,False,False,False,False,1
-1.3823364266530822,-0.6215004565469507,1.1857006567023052,1.2370800975493068,0.9415215702642069,0.6112096242131011,False,False,True,False,True,False,False,False,3
-0.45115661752335356,-0.7834825825161191,-1.3021456869539962,-0.16431338593900463,1.292730750458256,-1.6030599853381273,False,True,False,False,False,False,True,False,2
0.7460745656434403,0.3677830183138286,0.771059599426255,1.2370800975493068,-0.1823478063567503,0.44811559051492866,False,False,True,False,False,True,False,False,3
-0.18510524348628826,-0.17208920268518035,-0.05822251512584547,-0.8650101276831604,-1.165733510900088,-0.24056004607368217,True,False,False,False,False,False,True,False,1
0.01443328704151071,1.0079660758928062,-0.7492909439192625,1.5874284684213849,-0.11210597031794048,1.3746155492147514,False,False,True,False,True,False,False,False,0
0.9456130961712392,0.05518849697852456,-1.1639320011953127,-0.16431338593900463,-1.0252498388224682,1.2275568965522428,False,False,True,False,True,False,False,False,0
1.6772543747731687,0.07097167056628184,-1.6822333227903756,1.5874284684213849,0.1688613738372988,0.08914633277352545,False,True,False,False,True,False,False,False,0
0.2139718175693097,0.46812308299303373,1.3930211853403305,-1.2153584985552384,-1.446700855055327,1.647724475587982,True,False,False,False,False,False,True,False,3
-0.6506951480511526,-0.24995285905144965,1.3239143424609887,-0.8650101276831604,-0.5335569865507994,-0.7409045302877393,False,False,True,False,False,True,False,False,1
0.679561722134174,0.3578746926726254,-0.7492909439192625,0.18603498493307324,1.0820052423418265,-0.5318018083859755,False,True,False,True,False,False,False,False,2
0.7460745656434403,1.4486381280828369,1.2202540781419762,-0.16431338593900463,-0.32283147843436993,-0.4181332845888671,False,False,True,False,True,False,False,False,1
0.08094613055077704,-0.2566168656773916,-1.0602717368763002,-1.5657068694273162,-1.7979100352493762,-0.9368812440843606,True,False,False,False,False,False,True,False,1
-0.05207955646775562,-1.6213060471329017,0.3564185421502048,0.886731726677229,0.9415215702642069,0.7398309716763765,False,True,False,False,False,True,False,False,3
-0.9167465220882178,-0.28783247566206716,-0.2655430437638706,-0.5146617568110825,-1.7276681992105665,1.4931894110923898,False,False,True,False,True,False,False,False,0
0.6130488786249076,1.6897114905862112,0.2527582778311922,-1.2153584985552384,0.37958688195372825,1.314059996358554,False,False,True,False,True,False,False,False,0
-1.3158235831438159,0.44617278046635644,0.9092732851849384,-0.5146617568110825,-0.11210597031794048,0.5780224748544812,True,False,False,False,False,False,True,False,3
1.6772543747731687,-1.0671412856072013,0.2873116992708631,-1.2153584985552384,0.7307960621477774,0.9136152593983246,True,False,False,True,False,False,False,False,0
1.1451516266990382,-1.2206472627977594,-0.5074169938415666,-0.8650101276831604,-0.04186413427913066,-0.3340659388639224,False,False,True,False,False,True,False,False,0
0.9456130961712392,0.5646050385730093,0.6673993351072425,-0.16431338593900463,-0.1823478063567503,0.7775175001019653,False,False,True,False,False,False,True,False,3
-0.5176694610326199,-0.14584236957072472,-0.7838443653589334,-0.16431338593900463,1.5736980946134953,-0.4207720181770142,False,False,True,False,False,False,True,False,2
1.6772543747731687,0.8558338193663678,-1.129378579755642,-1.5657068694273162,-0.8145243307060387,0.9140888782474791,True,False,False,False,False,False,False,True,0
1.3446901572268373,0.9929136047859635,0.8401664423055967,-1.5657068694273162,-0.6740406586284191,0.9437915460730333,False,False,True,False,False,False,False,True,1
0.08094613055077704,-0.35780454523445776,0.7365061779865841,-0.16431338593900463,1.0117634063030168,-0.8913123448121271,False,True,False,False,False,False,False,True,2
1.078638783189772,0.30017842477960155,-0.4728635724018957,0.886731726677229,1.0820052423418265,0.09479592904558397,False,False,True,False,False,False,False,True,2
1.3446901572268373,0.23362604281789165,-1.4058059512730088,-0.5146617568110825,1.4332144225358756,-1.0416186695831247,False,False,True,False,False,False,True,False,2
-0.18510524348628826,-1.1792310461795148,-1.0948251583159712,1.5874284684213849,0.6605542261089675,0.2513607886089818,True,False,False,False,False,True,False,False,2
-1.7149006441994137,-1.2215533338740936,0.3564185421502048,1.5874284684213849,-0.7442824946672288,-1.602687856242363,False,False,True,True,False,False,False,False,2
-0.5176694610326199,-0.03582780404420913,1.0820403923832926,1.2370800975493068,-1.7276681992105665,-1.6164904627034404,False,False,True,True,False,False,False,False,1
0.48002319160637497,-0.8642982769052837,1.5312348710990138,-0.16431338593900463,0.4498287179925381,-1.276262979421441,True,False,False,False,False,False,False,True,3
-0.45115661752335356,-1.5933347561634874,0.3218651207105339,0.886731726677229,0.8712797342253971,1.6331437810175793,False,True,False,False,False,True,False,False,3
-1.5153621136716147,1.528635435693377,-1.3021456869539962,-0.8650101276831604,1.1522470783806362,-1.3852291446448,False,True,False,False,False,False,True,False,2
-1.6483878006901473,0.2906792925277106,-0.887504629677946,-0.5146617568110825,0.5200705540313479,0.6909467404600609,False,True,False,False,False,True,False,False,2
0.8125874091527067,0.6796468371682179,1.5657882925386846,0.886731726677229,0.8010378981865872,0.46925928913790266,True,False,False,False,False,False,True,False,3
0.2139718175693097,-0.63041502681411,1.3239143424609887,-0.16431338593900463,-1.2359753469388977,1.2493771935311517,False,False,True,False,False,False,True,False,3
-0.7172079915604188,-0.19684540273857004,1.2202540781419762,-1.5657068694273162,-0.7442824946672288,-1.1239606895004346,True,False,False,False,False,False,False,True,1
-0.6506951480511526,-0.26097185246364313,0.3909719635898756,-1.2153584985552384,-0.1823478063567503,1.186758015689352,False,True,False,False,False,False,False,True,0
1.4112030007361036,1.0282211486637614,-0.7147375224795917,-1.2153584985552384,0.5903123900701578,-0.9256158814580401,False,False,True,False,True,False,False,False,1
1.5442286877546363,1.2217111656099708,0.8401664423055967,-0.16431338593900463,0.02837770175967916,-1.3465277186853084,True,False,False,False,True,False,False,False,1
0.08094613055077704,0.3960173621763722,0.21820485639152137,0.886731726677229,0.8712797342253971,-0.7727384829344888,True,False,False,False,False,True,False,False,2
0.280484661078576,0.9593889749615976,-0.7147375224795917,-0.8650101276831604,0.5903123900701578,0.44659324421407476,False,True,False,False,False,False,True,False,0
0.34699750458784234,-0.35947054689094327,1.1165938138229636,-0.8650101276831604,-1.446700855055327,-0.9592766496658146,False,True,False,False,False,True,False,False,1
-0.2516180869955546,1.3977520073119378,-0.5074169938415666,0.18603498493307324,-0.11210597031794048,0.4497055966513764,False,True,False,False,True,False,False,False,0
-0.05207955646775562,-1.636446202537454,1.5312348710990138,-0.5146617568110825,1.5736980946134953,-0.9098849696825475,True,False,False,False,False,False,True,False,3
-1.1162850526160168,-0.7361915179513204,-1.4749127941523505,1.5874284684213849,1.0820052423418265,-1.5471729611378824,False,True,False,False,False,True,False,False,2
-0.18510524348628826,0.46286202513044794,1.3930211853403305,0.18603498493307324,0.02837770175967916,-0.3069005148731255,True,False,False,False,False,False,True,False,3
-0.2516180869955546,1.0416076181141183,1.1511472352626344,1.5874284684213849,1.0117634063030168,-0.22235955029902615,False,False,True,False,False,True,False,False,3
-0.5841823045418862,1.4265124569607401,-0.64563067960025,0.18603498493307324,-0.1823478063567503,-1.2891860080198028,False,True,False,False,True,False,False,False,2
0.7460745656434403,-0.33439283774595113,-1.2675922655143252,-1.2153584985552384,-0.7442824946672288,-0.695403290851099,False,True,False,False,False,False,False,True,1
0.08094613055077704,0.5797159658783251,0.3909719635898756,-1.5657068694273162,0.5903123900701578,1.5175469519060556,False,True,False,False,True,False,False,False,0
-0.18510524348628826,-0.8503272454701949,0.5982924922279007,-1.5657068694273162,-0.7442824946672288,0.03995763229703865,False,False,True,False,True,False,False,False,1
-0.5841823045418862,0.3421792033825779,1.012933549503951,-1.2153584985552384,0.02837770175967916,-1.5853331084126259,False,True,False,False,True,False,False,False,1
1.278177313717571,0.6139420700843691,-0.09277593656551632,1.5874284684213849,1.643939930652305,-1.5747781740600373,False,False,True,False,True,False,False,False,2
1.6772543747731687,-1.431937192179051,-1.4058059512730088,0.18603498493307324,0.02837770175967916,-0.38799082783195527,True,False,False,False,False,True,False,False,0
1.6772543747731687,-0.40866143790612014,1.5312348710990138,1.5874284684213849,1.0820052423418265,1.4856791693415095,False,True,False,True,False,False,False,False,3
1.5442286877546363,-1.657081240598485,0.9783801280642801,0.886731726677229,-0.9550080027836584,-0.7824138394243617,False,False,True,False,True,False,False,False,3
0.280484661078576,0.5860000072141913,-1.578573058471363,0.18603498493307324,0.5903123900701578,-0.2784157240882548,False,True,False,False,False,False,True,False,2
-0.6506951480511526,-0.9462830952639119,0.529185649348559,1.5874284684213849,-0.04186413427913066,0.4002462568325156,True,False,False,False,False,False,True,False,3
-0.31813093050482094,0.8202924506946773,0.8747198637452676,1.2370800975493068,-0.3930733144731798,-1.5560702295184299,False,True,False,False,False,True,False,False,1
0.08094613055077704,-0.18959683412789632,-0.7147375224795917,1.5874284684213849,-0.8145243307060387,-1.3885106466710855,True,False,False,False,False,True,False,False,1
1.278177313717571,0.7230797926337871,-0.1273293580051872,1.2370800975493068,-0.32283147843436993,-0.7185091247062851,True,False,False,True,False,False,False,False,1
0.08094613055077704,0.680640592542262,-0.7838443653589334,1.2370800975493068,1.5736980946134953,0.4603620207573552,False,True,False,False,False,True,False,False,2
-1.2493107396345495,-1.693207171254907,-1.1984854226349837,0.886731726677229,1.2224889144194462,1.6195779839810793,False,True,False,False,False,False,False,True,0
1.47771584424537,0.5299112847791798,-0.33464988664321227,0.18603498493307324,-1.2359753469388977,-0.46647623712043496,False,False,True,False,False,False,True,False,1
0.34699750458784234,0.34364060834440724,0.07999117063283795,0.18603498493307324,0.02837770175967916,-0.18917240094040616,False,True,False,False,False,False,True,False,1
-1.1162850526160168,1.2872113359991637,0.9438267066246093,0.886731726677229,1.0820052423418265,1.1253905448060322,False,True,False,False,True,False,False,False,3
-0.6506951480511526,0.2765328924972022,-1.129378579755642,-0.8650101276831604,-0.5335569865507994,1.5405512960078516,False,True,False,False,True,False,False,False,0
0.9456130961712392,-1.1628925387062623,0.8401664423055967,1.5874284684213849,0.9415215702642069,-0.5664436442098559,False,True,False,False,False,False,False,True,3
1.0121259396805056,-0.5392818133944299,0.3909719635898756,-0.8650101276831604,-1.165733510900088,-1.498051920496989,True,False,False,True,False,False,False,False,1
1.078638783189772,1.0497330297018896,-0.9220580511176169,-0.16431338593900463,0.8712797342253971,0.174871344470511,True,False,False,False,False,False,True,False,0
0.2139718175693097,0.15438866578750277,-0.9220580511176169,1.5874284684213849,-1.6574263631717565,-0.29022236539932356,False,False,True,False,True,False,False,False,1
-0.2516180869955546,-0.1477714241203395,1.3239143424609887,0.5363833558051512,-1.095491674861278,-0.4600823826568475,True,False,False,True,False,False,False,False,1
-1.7149006441994137,-0.996087776363057,-1.0602717368763002,-1.5657068694273162,1.0117634063030168,-0.9350544285233358,False,False,True,False,False,False,True,False,2
0.2139718175693097,0.9644454361295272,-0.7492909439192625,1.2370800975493068,0.09861953779848899,0.7240324000652905,True,False,False,False,False,False,False,True,0
-0.7172079915604188,-0.10574141741812658,-0.2655430437638706,-1.2153584985552384,1.5736980946134953,1.568630127779161,False,True,False,False,False,False,True,False,0
1.6772543747731687,1.1277720546635785,1.462128028219672,-0.5146617568110825,1.292730750458256,-0.5157325974325152,False,False,True,False,True,False,False,False,3
-1.1827978961252832,1.3163517509380416,-0.8183977867986042,-0.16431338593900463,1.3629725864970659,0.9091158803313559,False,False,True,False,True,False,False,False,2
0.14745897406004335,-0.18901227214316457,-1.0948251583159712,-1.2153584985552384,1.292730750458256,0.485734459104924,True,False,False,False,False,False,False,True,0
0.7460745656434403,1.7105218972426615,-0.9220580511176169,1.2370800975493068,-0.7442824946672288,-1.0912133290731725,True,False,False,False,True,False,False,False,1
0.8791002526619729,-1.62191983721687,1.0820403923832926,1.2370800975493068,-0.1823478063567503,0.24117798335215757,False,True,False,True,False,False,False,False,3
1.6772543747731687,1.5699931961131484,1.3584677639006595,0.5363833558051512,0.1688613738372988,0.22795048549362512,False,True,False,False,True,False,False,False,3
1.2116644702083046,-0.1717969216928145,0.01088432775349624,0.886731726677229,0.7307960621477774,-1.1407741586454236,False,True,False,True,False,False,False,False,2
1.5442286877546363,-0.712195248478082,-1.6476799013507046,-1.2153584985552384,-0.04186413427913066,1.2714342999346382,False,False,True,True,False,False,False,False,0
0.6130488786249076,1.6965508658075725,-1.336699108393667,0.18603498493307324,1.292730750458256,1.4298936348946547,True,False,False,False,False,False,False,True,0
0.48002319160637497,-1.6027462041176685,-1.336699108393667,-1.2153584985552384,-1.7276681992105665,-1.1951388365448143,True,False,False,False,False,True,False,False,1
0.679561722134174,0.10683454832957479,-1.129378579755642,0.5363833558051512,-0.8847661667448485,-0.8575162569331654,True,False,False,False,True,False,False,False,1
-1.6483878006901473,-1.0857011286224345,-0.09277593656551632,0.886731726677229,0.09861953779848899,-0.7244293603207179,True,False,False,False,False,False,True,False,2
1.4112030007361036,0.02259916632972942,0.7019527565469134,1.5874284684213849,0.5200705540313479,1.1776239378842275,False,True,False,False,True,False,False,False,3
0.6130488786249076,-0.9016810158288792,-0.8183977867986042,0.5363833558051512,-0.7442824946672288,-0.4963818844527693,False,True,False,False,False,False,True,False,0
-1.6483878006901473,-1.0531117979736393,1.3584677639006595,-0.16431338593900463,0.5903123900701578,0.0799784250506038,False,False,True,False,False,True,False,False,3
0.8125874091527067,-1.6761379613007399,-0.36920330808288315,-0.5146617568110825,-0.11210597031794048,-0.9973353071871679,False,True,False,False,True,False,False,False,1
-1.3158235831438159,1.7265388956243115,-0.23098962232419973,0.5363833558051512,1.292730750458256,-0.9745677725099494,True,False,False,False,True,False,False,False,2
1.47771584424537,1.6388838260137852,-0.33464988664321227,0.5363833558051512,-0.1823478063567503,-1.4403042508179227,False,True,False,False,False,True,False,False,1
-0.18510524348628826,-0.0055182651358678175,-0.9911648939969585,0.18603498493307324,0.30934504591491846,-0.946624260409827,True,False,False,False,False,True,False,False,2
-0.9832593655974842,0.22111641634463217,-0.19643620088452887,0.5363833558051512,-0.1823478063567503,-0.04394056383892225,True,False,False,False,False,False,False,True,2
-1.6483878006901473,-1.3725164664310683,-1.0257183154366294,-1.5657068694273162,-0.32283147843436993,-1.2160795556610078,True,False,False,False,False,True,False,False,2
-0.11859239997702194,-0.6431877061804988,0.9783801280642801,1.2370800975493068,0.30934504591491846,0.15328785691617913,False,False,True,False,False,False,False,True,3
1.2116644702083046,-1.0528195169812735,-0.9911648939969585,-0.8650101276831604,-0.8847661667448485,1.1132456043169958,False,False,True,False,True,False,False,False,0
1.3446901572268373,1.7498044626166351,-1.0948251583159712,-0.5146617568110825,-0.25258964239556014,1.5459302529375363,False,False,True,False,False,True,False,False,0
1.3446901572268373,1.0550817718621852,-0.33464988664321227,1.2370800975493068,1.0117634063030168,1.4608818395964853,True,False,False,False,False,True,False,False,0
0.01443328704151071,0.9783872394653794,-0.6110772581605791,0.18603498493307324,0.02837770175967916,0.5027509077566938,True,False,False,False,False,True,False,False,0
-0.18510524348628826,-1.3664954779883314,-0.023669093686174612,0.886731726677229,-1.516942691094137,-1.546665512370931,True,False,False,False,False,False,False,True,1
-0.8502336785789515,1.0814455173735873,0.8056130208659259,-0.8650101276831604,-0.6037988225896093,1.5406527857612418,True,False,False,False,True,False,False,False,0
-1.2493107396345495,0.6161926337255863,-1.544019637031692,-0.5146617568110825,0.23910320987610864,1.4590550240354605,False,False,True,False,True,False,False,False,0
0.2139718175693097,0.5803297559622934,1.1511472352626344,0.18603498493307324,-0.5335569865507994,1.4162940079403579,True,False,False,False,False,False,True,False,3
-1.0497722091067505,1.341955565869292,-1.0948251583159712,-0.16431338593900463,-0.8145243307060387,1.453540747434589,False,False,True,False,False,False,True,False,0
0.01443328704151071,-0.1350572009524239,-0.6801841010399209,0.18603498493307324,0.37958688195372825,-0.09448246102727932,False,True,False,False,True,False,False,False,2
0.679561722134174,-1.1575730246452034,-0.7838443653589334,1.2370800975493068,-0.11210597031794048,-0.8374889455974844,False,False,True,False,False,False,False,True,2
-1.0497722091067505,-1.1725670395535728,0.21820485639152137,0.886731726677229,0.5903123900701578,-1.6048191410635588,False,False,True,False,False,False,False,True,2
0.679561722134174,1.3515716105181295,1.6348951354180263,1.2370800975493068,1.0820052423418265,1.3594935759596005,True,False,False,False,False,False,False,True,3
0.2139718175693097,0.08739786233724406,0.04543774919316709,-0.16431338593900463,-1.165733510900088,-1.5931139895058803,False,True,False,False,False,False,True,False,1
-0.05207955646775562,0.034699599413676674,-0.8183977867986042,1.5874284684213849,0.23910320987610864,-0.9090392217376285,False,True,False,False,True,False,False,False,2
-1.2493107396345495,0.4876474532830742,0.6673993351072425,-1.2153584985552384,0.7307960621477774,0.21611001426475968,False,False,True,False,False,True,False,False,2
0.34699750458784234,1.1841238299917194,-0.887504629677946,0.5363833558051512,-0.3930733144731798,-0.7470615753267492,False,False,True,False,False,True,False,False,1
1.47771584424537,0.7115931496338082,1.6348951354180263,1.2370800975493068,1.2224889144194462,1.1336112148306448,False,False,True,False,False,False,True,False,3
-1.1162850526160168,1.4932109794186328,0.6328459136675716,0.886731726677229,-0.32283147843436993,-1.1562006011607455,False,False,True,True,False,False,False,False,1
0.14745897406004335,-1.4530983360263403,0.14909801351217966,1.2370800975493068,-0.32283147843436993,-0.020631750476955753,False,False,True,True,False,False,False,False,3
-1.1827978961252832,1.3357884369303723,-1.0948251583159712,-0.8650101276831604,0.09861953779848899,1.4996509253915706,False,True,False,False,False,False,False,True,0
-0.45115661752335356,-0.04807437762433932,0.8056130208659259,-0.8650101276831604,-1.165733510900088,0.44635643478949727,False,False,True,False,True,False,False,False,1
1.6107415312639024,-1.1333429303780722,0.2873116992708631,-1.2153584985552384,0.5903123900701578,-1.6237977249475402,False,True,False,False,False,True,False,False,1
-0.31813093050482094,-0.9388007018593454,1.0820403923832926,0.18603498493307324,-0.5335569865507994,0.9041090524974356,True,False,False,False,False,False,False,True,3
-0.31813093050482094,0.8456039846335621,1.5657882925386846,0.5363833558051512,1.0117634063030168,-1.5795481924693802,False,False,True,False,False,False,False,True,2
1.078638783189772,-1.2472740612022906,-1.129378579755642,-1.2153584985552384,1.4332144225358756,0.36303334725608133,False,False,True,False,True,False,False,False,0
1.3446901572268373,0.7852187316107723,0.5982924922279007,1.2370800975493068,0.09861953779848899,1.497079851639017,False,False,True,False,True,False,False,False,3
0.8791002526619729,-1.6674572158274734,0.8401664423055967,-0.8650101276831604,-1.3062171829777074,0.4040690375435492,True,False,False,False,True,False,False,False,1
1.278177313717571,1.5720683911589461,0.9092732851849384,1.5874284684213849,1.2224889144194462,0.9910181113173078,False,True,False,True,False,False,False,False,3
0.6130488786249076,-0.11354531991429546,0.5982924922279007,1.5874284684213849,-1.3062171829777074,0.17240176047134756,False,False,True,False,False,False,True,False,3
0.8791002526619729,0.7737028605115567,-0.30009646520354144,1.2370800975493068,-1.0252498388224682,1.716500698468792,True,False,False,False,False,False,True,False,0
-1.3823364266530822,0.3660293323596333,-0.7492909439192625,-0.8650101276831604,1.0117634063030168,-0.025367938968501855,False,False,True,False,False,True,False,False,2
-0.7172079915604188,0.8655960045113881,1.704001978297368,1.2370800975493068,1.5034562585746853,-1.5915239833694328,True,False,False,False,False,False,False,True,2
-1.0497722091067505,-1.1539487403398665,0.8401664423055967,1.2370800975493068,1.5736980946134953,-1.2967639096062766,True,False,False,False,True,False,False,False,2
1.6772543747731687,-1.1996030313474162,-1.2675922655143252,-1.2153584985552384,-1.165733510900088,1.2922058694618481,False,True,False,False,False,True,False,False,0
0.5465360351156413,0.4539766829625253,-1.544019637031692,-0.16431338593900463,-0.8145243307060387,-1.0150283541948726,True,False,False,True,False,False,False,False,1
0.2139718175693097,-0.12813014143335266,0.8056130208659259,1.2370800975493068,-0.6740406586284191,1.331989852790836,False,False,True,False,False,False,True,False,3
1.078638783189772,0.547477372420369,0.5982924922279007,-0.5146617568110825,1.5034562585746853,0.8066788892427711,False,False,True,True,False,False,False,False,3
-1.4488492701623485,1.1726956431902136,1.2893609210213177,-0.16431338593900463,-0.46331515051198957,0.39655879579266917,False,False,True,True,False,False,False,False,3
-0.31813093050482094,-1.4196029343012109,-0.2655430437638706,-1.5657068694273162,0.09861953779848899,-0.7814327718082557,True,False,False,False,False,True,False,False,1
0.6130488786249076,0.1721885782225846,-0.43831015096222486,-0.16431338593900463,-1.095491674861278,1.7080432190196024,False,False,True,True,False,False,False,False,0
1.278177313717571,-1.1771850792329537,-0.9220580511176169,0.18603498493307324,-0.8847661667448485,0.9191633659169929,False,True,False,True,False,False,False,False,0
0.2139718175693097,0.20913289565763127,0.4255253850295465,-1.2153584985552384,0.23910320987610864,0.4798480534082884,False,False,True,False,True,False,False,False,0
0.6130488786249076,-0.7796537015161261,1.5657882925386846,-1.5657068694273162,-0.8847661667448485,0.28637475352862685,True,False,False,True,False,False,False,False,1
1.1451516266990382,-1.1928513404237646,-0.16188277944485802,-0.5146617568110825,1.0820052423418265,1.0490364203387488,False,False,True,False,False,False,True,False,0
-0.6506951480511526,-0.5918923920202875,-1.4403593727126796,1.5874284684213849,-0.04186413427913066,1.1593896121917744,False,True,False,True,False,False,False,False,0
-0.7172079915604188,0.721530703374248,-0.8183977867986042,1.2370800975493068,1.3629725864970659,1.3327341109823645,False,True,False,False,True,False,False,False,2
-0.05207955646775562,-0.33597115510472686,-0.8183977867986042,-0.8650101276831604,0.6605542261089675,-0.9078890045325388,False,True,False,False,True,False,False,False,2
1.278177313717571,0.9689465634119616,-1.0602717368763002,-1.5657068694273162,-0.04186413427913066,-1.0919237573469045,True,False,False,False,False,False,False,True,1
0.48002319160637497,1.057156966907983,0.529185649348559,-1.2153584985552384,1.1522470783806362,-1.040434622460238,False,True,False,True,False,False,False,False,2
-0.8502336785789515,0.9048785698853617,0.6328459136675716,-1.2153584985552384,-0.32283147843436993,-0.020767070148142858,False,True,False,True,False,False,False,False,1
0.8125874091527067,0.85992575325949,0.6328459136675716,-1.2153584985552384,1.0117634063030168,-1.3312704257589703,False,True,False,False,False,False,True,False,1
-0.3846437740140872,-0.11468521578452238,0.6673993351072425,0.5363833558051512,0.02837770175967916,0.47000354732943145,False,True,False,False,False,False,False,True,3
-0.05207955646775562,-0.7121367922796088,0.3564185421502048,-1.5657068694273162,-0.5335569865507994,0.6379352592725401,False,True,False,False,True,False,False,False,0
0.08094613055077704,-0.8960107645769813,-0.64563067960025,0.18603498493307324,1.0117634063030168,1.495253036077992,True,False,False,True,False,False,False,False,0
1.2116644702083046,-1.4687353691179146,0.4255253850295465,-0.16431338593900463,-0.32283147843436993,0.7834377357163981,False,False,True,False,False,False,True,False,3
0.08094613055077704,-0.9844549928668952,0.7365061779865841,-0.8650101276831604,1.4332144225358756,0.20667146719946422,False,False,True,False,False,False,False,True,3
0.2139718175693097,0.01684123078012167,-0.2655430437638706,-1.5657068694273162,0.5903123900701578,0.18776054315107615,False,False,True,True,False,False,False,False,0
-1.7149006441994137,1.3799228667776196,0.9783801280642801,0.5363833558051512,-0.6037988225896093,1.2813802957668854,False,False,True,False,True,False,False,False,3
0.8125874091527067,1.201573005235962,-0.9566114725572876,-0.8650101276831604,1.5034562585746853,-1.331202765923377,False,False,True,False,False,False,False,True,2
-0.2516180869955546,0.2774974197720096,-0.1273293580051872,-0.5146617568110825,-1.2359753469388977,-1.3227452864741873,False,True,False,False,False,False,False,True,1
-0.31813093050482094,1.2856622467396246,-0.36920330808288315,-0.16431338593900463,0.7307960621477774,-1.3876648987261664,False,True,False,False,False,False,False,True,2
1.0121259396805056,-1.5233042303926236,-1.578573058471363,0.18603498493307324,0.30934504591491846,-1.3856012737405643,False,True,False,False,False,True,False,False,2
0.7460745656434403,1.6403744590748512,-0.43831015096222486,-1.2153584985552384,-0.25258964239556014,0.5409787148670306,False,False,True,False,False,True,False,False,0
0.5465360351156413,0.5157648847486714,-1.6822333227903756,0.18603498493307324,-0.5335569865507994,-0.26961994546109774,True,False,False,False,False,True,False,False,0
0.4135103480971087,1.232467106129035,-0.403756729522554,-0.16431338593900463,-0.11210597031794048,-1.429444847205163,False,False,True,False,False,False,True,False,1
1.0121259396805056,-0.8989335745006399,-0.6110772581605791,0.5363833558051512,1.0820052423418265,0.0017636551044983308,True,False,False,False,True,False,False,False,2
0.4135103480971087,-0.2982669070895289,1.462128028219672,1.2370800975493068,1.4332144225358756,0.22602218017920975,True,False,False,False,True,False,False,False,3
-0.7837208350696852,-1.4349184583011827,-0.023669093686174612,0.18603498493307324,-0.9550080027836584,1.1903778168936052,False,True,False,False,False,False,False,True,0
0.280484661078576,-1.4349184583011827,1.0820403923832926,-0.16431338593900463,0.02837770175967916,-0.09904949992984179,False,True,False,False,False,False,False,True,3
-1.1827978961252832,1.374574124617324,1.0474869709436219,-1.2153584985552384,-1.0252498388224682,-1.2381704919822911,False,False,True,False,False,False,True,False,1
0.679561722134174,-0.3362926641963293,-1.2675922655143252,-0.8650101276831604,1.3629725864970659,0.6520423349937886,True,False,False,False,True,False,False,False,0
1.3446901572268373,0.22450687585607634,-0.23098962232419973,-0.5146617568110825,-1.3062171829777074,0.05738003996236916,True,False,False,False,False,True,False,False,1
0.4135103480971087,0.3454527504970757,-0.19643620088452887,0.5363833558051512,0.1688613738372988,-1.1940562791753182,False,True,False,False,False,False,False,True,2
0.6130488786249076,1.473715837227829,-0.19643620088452887,-0.16431338593900463,-0.32283147843436993,-1.1444277897674735,False,True,False,False,True,False,False,False,1
-0.9167465220882178,1.5987536457619507,-0.43831015096222486,0.886731726677229,0.23910320987610864,0.6498095604192023,False,True,False,False,False,False,False,True,2
1.6772543747731687,-1.5573549660032482,-0.1273293580051872,-0.5146617568110825,0.4498287179925381,-0.5983114267744024,False,False,True,False,True,False,False,False,0
0.01443328704151071,1.5563144456704254,0.14909801351217966,-1.2153584985552384,1.643939930652305,1.3708604283393115,False,True,False,False,False,True,False,False,0
1.6107415312639024,-0.7461875278902333,-0.8183977867986042,0.886731726677229,-0.6740406586284191,-1.376534855771033,True,False,False,False,True,False,False,False,1
-1.581874957180881,-0.913109202630385,-0.1273293580051872,-1.2153584985552384,1.5736980946134953,0.04855043141741516,True,False,False,False,True,False,False,False,2
-1.7149006441994137,0.11288476487154842,1.1511472352626344,-1.5657068694273162,-1.165733510900088,0.16032447981790504,False,False,True,False,True,False,False,False,1
-1.3823364266530822,-0.11214237115093927,-0.19643620088452887,-0.16431338593900463,-1.0252498388224682,0.33955538430513116,False,False,True,False,True,False,False,False,1
1.1451516266990382,-1.1898993024008693,0.5637390707882299,1.2370800975493068,-1.516942691094137,0.750825694960323,False,False,True,False,False,False,True,False,3
-0.6506951480511526,-1.661114718293134,-0.2655430437638706,-0.16431338593900463,0.9415215702642069,-1.2697676352044636,False,True,False,True,False,False,False,False,2
-0.05207955646775562,-0.2818407153185667,-1.6131264799110339,-0.8650101276831604,0.8010378981865872,-0.7820078804108006,True,False,False,False,False,False,False,True,2
0.14745897406004335,1.1121934777704774,-1.1984854226349837,-1.2153584985552384,-0.32283147843436993,-1.3761627266752687,False,False,True,False,False,False,True,False,1
0.7460745656434403,-0.24828685739496414,-0.23098962232419973,-1.2153584985552384,1.5736980946134953,0.7955488462876377,False,False,True,True,False,False,False,False,0
-0.9167465220882178,0.8961685963128586,-1.2330388440746545,1.2370800975493068,0.8010378981865872,1.5071273372246543,False,True,False,False,False,False,True,False,0
-0.18510524348628826,-0.49953159843267086,0.6328459136675716,-1.5657068694273162,0.37958688195372825,-0.1207006473197671,False,False,True,False,False,False,True,False,1
1.0121259396805056,-1.1539487403398665,1.704001978297368,-1.2153584985552384,1.0820052423418265,0.3241966016254026,False,False,True,False,False,True,False,False,3
0.4135103480971087,-1.5338555742170317,-1.371252529833338,0.18603498493307324,1.5736980946134953,1.0461608773260243,False,True,False,True,False,False,False,False,0
-0.18510524348628826,-0.6975811988597882,0.14909801351217966,1.2370800975493068,1.2224889144194462,-0.014474705437945747,True,False,False,False,False,True,False,False,2
1.6107415312639024,-0.3384555435398368,0.9783801280642801,-1.5657068694273162,-0.25258964239556014,-1.2528188463882874,False,False,True,False,False,True,False,False,1
-1.0497722091067505,-1.09353425921784,0.3218651207105339,-0.5146617568110825,1.0820052423418265,-1.434519334874677,False,True,False,False,False,True,False,False,2
-0.9167465220882178,0.0628462589785105,1.2893609210213177,1.2370800975493068,0.7307960621477774,0.21333596100542532,False,True,False,False,False,True,False,False,3
-0.3846437740140872,-1.1101650476834584,0.6673993351072425,-1.5657068694273162,0.8010378981865872,1.0952142581313238,False,False,True,False,False,False,False,True,3
-1.5153621136716147,1.1135087422361238,-1.2675922655143252,-0.8650101276831604,-1.7979100352493762,0.04611467733604866,False,False,True,False,False,False,False,True,1
0.9456130961712392,0.32075500664215917,-0.8183977867986042,1.2370800975493068,-1.2359753469388977,-0.8219271834109756,False,False,True,False,False,True,False,False,1
1.078638783189772,1.660366478952677,1.1165938138229636,-0.8650101276831604,0.30934504591491846,-1.4854333611587984,False,True,False,False,False,True,False,False,1
-0.2516180869955546,0.5549597658249353,1.5657882925386846,0.5363833558051512,-0.7442824946672288,1.1882803619902063,False,False,True,False,False,True,False,False,3
0.9456130961712392,-0.8105770305084358,1.2893609210213177,-1.2153584985552384,0.8010378981865872,-1.437191898380621,False,True,False,False,False,True,False,False,1
-0.11859239997702194,0.785657153099321,0.6673993351072425,0.5363833558051512,0.4498287179925381,0.33887878594919585,False,False,True,False,False,False,True,False,3
-1.0497722091067505,0.6779808355117325,1.4275746067800013,1.2370800975493068,1.643939930652305,-0.9701360532785742,True,False,False,False,False,False,False,True,2
0.280484661078576,-1.6989358787052782,-0.7838443653589334,0.5363833558051512,0.5200705540313479,-0.096647575766272,False,False,True,False,False,True,False,False,0
-0.8502336785789515,-1.5518600833467697,-0.19643620088452887,1.5874284684213849,-1.2359753469388977,0.4894219201447708,False,False,True,False,True,False,False,False,3
1.6772543747731687,-0.4914061868448995,0.6328459136675716,-0.5146617568110825,-0.11210597031794048,0.1349182115525395,True,False,False,True,False,False,False,False,3
-0.7837208350696852,-1.1707548974009043,1.3930211853403305,0.886731726677229,0.02837770175967916,-0.7685435731276907,False,True,False,False,False,False,True,False,3
-0.18510524348628826,1.4154350073500734,-0.30009646520354144,-0.16431338593900463,0.4498287179925381,-0.8546407139204409,False,True,False,False,False,False,True,False,2
-0.7172079915604188,0.6902858652903358,-0.8183977867986042,1.5874284684213849,-1.2359753469388977,0.14523633648055065,False,True,False,True,False,False,False,False,1
1.2116644702083046,0.7624500423054705,-1.2675922655143252,0.5363833558051512,-1.095491674861278,-1.5752179629913952,True,False,False,False,True,False,False,False,1
-0.3846437740140872,-1.348081775469281,-0.5074169938415666,-0.16431338593900463,-0.46331515051198957,-0.7191518931444235,True,False,False,False,False,False,False,True,1
-0.31813093050482094,1.392432493250879,0.2527582778311922,0.18603498493307324,0.23910320987610864,-0.9499057624361126,True,False,False,False,False,False,True,False,2
0.01443328704151071,-1.6505341463694894,-0.43831015096222486,-1.2153584985552384,-0.5335569865507994,1.420184448486985,False,True,False,False,False,False,False,True,0
0.8125874091527067,1.7593328229677627,-0.23098962232419973,0.5363833558051512,-0.9550080027836584,-0.5610646872801714,True,False,False,False,True,False,False,False,1
1.6107415312639024,0.9984377155416785,-1.1984854226349837,-0.5146617568110825,1.5034562585746853,-1.3765686856888297,False,False,True,False,False,True,False,False,2
0.2139718175693097,-0.9917035614775689,0.21820485639152137,-0.5146617568110825,-1.7276681992105665,-1.1977437402151647,True,False,False,False,True,False,False,False,1
1.1451516266990382,0.9357434426791982,1.704001978297368,1.5874284684213849,1.4332144225358756,-0.0569312522728776,False,False,True,False,False,False,True,False,3
1.278177313717571,-1.5051828088659394,0.21820485639152137,-0.5146617568110825,-0.11210597031794048,1.2359128862480417,False,False,True,False,False,False,False,True,0
-0.3846437740140872,-0.1947702076927723,0.5982924922279007,-0.16431338593900463,-1.446700855055327,-0.48376332511457837,False,False,True,False,False,False,False,True,1
-0.7837208350696852,0.17905718154318268,1.2893609210213177,1.2370800975493068,0.23910320987610864,0.7158117300406783,False,False,True,True,False,False,False,False,3
0.34699750458784234,0.4293666234053186,-0.5765238367209082,-0.16431338593900463,1.0117634063030168,-0.80758329826515,False,False,True,True,False,False,False,False,2
0.8791002526619729,1.4235311908386081,-1.129378579755642,-1.5657068694273162,-0.3930733144731798,1.2509333697498028,False,True,False,False,True,False,False,False,0
0.4135103480971087,-0.07636717768535609,-1.0948251583159712,-1.2153584985552384,-0.11210597031794048,1.4146701718861134,False,True,False,False,False,True,False,False,0
-0.3846437740140872,-1.4003416169042997,1.3930211853403305,0.5363833558051512,0.02837770175967916,0.423859539454653,False,True,False,False,True,False,False,False,3
-1.0497722091067505,1.2403586929229138,1.6348951354180263,-0.16431338593900463,0.7307960621477774,0.4050839350774522,True,False,False,False,True,False,False,False,3
-1.5153621136716147,0.5679954980844534,-0.64563067960025,-0.16431338593900463,0.8010378981865872,0.13813205374323131,False,True,False,False,False,False,True,False,2
-1.1827978961252832,1.78993464286847,0.01088432775349624,-0.5146617568110825,0.7307960621477774,0.6529557427743011,False,False,True,False,False,False,True,False,2
1.278177313717571,1.6547839119984888,0.529185649348559,0.5363833558051512,-1.0252498388224682,1.6193411745565018,False,False,True,False,False,False,False,True,0
-1.5153621136716147,0.043818766375491994,-0.30009646520354144,-0.5146617568110825,-0.25258964239556014,-0.7246323398274984,False,False,True,False,False,False,True,False,2
-1.6483878006901473,0.48279558880980067,1.1511472352626344,0.886731726677229,0.37958688195372825,0.8219023522513124,False,False,True,True,False,False,False,False,3
1.4112030007361036,-0.6700483293789228,1.3930211853403305,-0.16431338593900463,-1.0252498388224682,0.9817487138409959,True,False,False,True,False,False,False,False,3
0.6130488786249076,1.226796854877137,0.8056130208659259,1.5874284684213849,0.8712797342253971,-0.9283899347173742,True,False,False,False,False,False,True,False,2
1.278177313717571,-0.3241337749139089,-1.0602717368763002,-1.2153584985552384,0.7307960621477774,0.5278527067618884,False,False,True,False,False,False,False,True,0
-1.3823364266530822,-1.6879168852930848,1.669448556857697,1.2370800975493068,-0.04186413427913066,0.6919954679117601,True,False,False,False,True,False,False,False,3
-1.581874957180881,-0.02866691973124517,1.462128028219672,-0.5146617568110825,-1.6574263631717565,-0.10987507362480443,False,True,False,False,False,True,False,False,1
-0.31813093050482094,-1.014092285492795,0.7019527565469134,-0.16431338593900463,-0.7442824946672288,-0.40703707155153046,True,False,False,False,False,False,False,True,1
-0.9167465220882178,-0.23910923423467564,1.3930211853403305,-1.5657068694273162,0.30934504591491846,1.4838523537804846,False,False,True,False,True,False,False,False,3
1.3446901572268373,-0.12044315133413014,0.6328459136675716,1.5874284684213849,0.09861953779848899,-0.9481466067106813,False,False,True,False,False,False,False,True,3
-0.7172079915604188,-0.8807536967754825,-1.371252529833338,-0.5146617568110825,0.1688613738372988,1.1316829095162293,True,False,False,False,False,True,False,False,0
-1.2493107396345495,-0.9467215167524606,-0.5074169938415666,-0.16431338593900463,1.0820052423418265,-0.34634619902414565,True,False,False,False,True,False,False,False,2
0.14745897406004335,1.0094274808546355,1.704001978297368,-1.5657068694273162,-1.2359753469388977,0.42419783863262067,False,True,False,False,False,False,True,False,1
0.08094613055077704,0.6334664403744096,1.254807499581647,-0.16431338593900463,0.37958688195372825,-0.35250324406315586,True,False,False,False,False,False,True,False,3
-0.18510524348628826,-1.7077043084762547,1.5312348710990138,0.886731726677229,-0.5335569865507994,-1.3989640912702839,True,False,False,True,False,False,False,False,3
1.0121259396805056,1.5154243348384393,0.8401664423055967,-1.2153584985552384,-1.446700855055327,-0.3677605369894939,False,False,True,False,False,False,False,True,1
1.5442286877546363,0.4540643672602351,0.18365143495185052,1.5874284684213849,0.7307960621477774,1.7139296247162386,True,False,False,False,False,False,False,True,3
1.6107415312639024,0.15856828397833478,-0.19643620088452887,-0.16431338593900463,-0.32283147843436993,-1.6008610406813382,False,False,True,False,True,False,False,False,1
1.4112030007361036,1.060839707411793,-1.6131264799110339,-0.16431338593900463,0.8010378981865872,-0.826764861655912,False,True,False,False,False,False,False,True,2
0.14745897406004335,0.94737622617536,-1.7167867442300464,-1.5657068694273162,1.0117634063030168,-0.5495625152292737,False,True,False,False,False,False,True,False,2
-0.3846437740140872,-0.2826883301964277,0.771059599426255,0.5363833558051512,-0.46331515051198957,0.5849237780850198,False,True,False,False,False,False,False,True,3
1.6772543747731687,0.5059150153059414,0.21820485639152137,0.18603498493307324,0.09861953779848899,1.6698154119092656,False,True,False,False,False,True,False,False,0
0.48002319160637497,0.5014723442219802,-0.05822251512584547,1.2370800975493068,-1.2359753469388977,0.9918976891800234,True,False,False,False,True,False,False,False,0
-1.2493107396345495,0.33764884800090683,-1.544019637031692,-0.16431338593900463,0.4498287179925381,1.1509659626603819,True,False,False,False,True,False,False,False,0
-0.6506951480511526,0.8803854227251013,1.669448556857697,-0.5146617568110825,1.4332144225358756,-1.2521760779501492,False,False,True,False,False,False,False,True,2
-0.45115661752335356,-0.6768584765010477,1.3239143424609887,-0.8650101276831604,-1.7276681992105665,0.5950050935884539,False,True,False,False,True,False,False,False,1
1.5442286877546363,0.3875119852985252,0.21820485639152137,-0.8650101276831604,-0.5335569865507994,0.6027183148461147,True,False,False,False,False,False,False,True,0
-1.0497722091067505,-0.8541268983709512,0.3218651207105339,-1.2153584985552384,-1.3062171829777074,-0.43958145247201186,False,True,False,False,False,False,True,False,1
0.7460745656434403,1.1411000679154624,0.9783801280642801,0.886731726677229,-1.0252498388224682,0.4744690964786037,True,False,False,True,False,False,False,False,3
1.6772543747731687,-0.4141563205625986,1.1165938138229636,1.2370800975493068,-1.095491674861278,-0.509880021653676,True,False,False,True,False,False,False,False,3
1.6772543747731687,0.8936257516792755,-0.36920330808288315,0.886731726677229,1.2224889144194462,1.2664951319363118,True,False,False,False,False,False,True,False,0
0.679561722134174,-0.0316481858533771,-1.0257183154366294,-1.2153584985552384,0.02837770175967916,1.1989706160139817,False,False,True,False,False,True,False,False,0
-1.3823364266530822,-1.4844308584079622,-1.371252529833338,0.886731726677229,0.30934504591491846,-0.03758053929313169,False,False,True,False,True,False,False,False,2
0.280484661078576,-1.526256268415519,-1.2675922655143252,1.5874284684213849,-1.6574263631717565,-0.9537285431471463,False,True,False,False,False,False,False,True,1
-1.6483878006901473,-0.5468811191959427,-1.6476799013507046,1.2370800975493068,0.8010378981865872,0.3527828821636636,True,False,False,False,False,True,False,False,2
-0.18510524348628826,1.7379378543265807,1.3584677639006595,-1.2153584985552384,-1.2359753469388977,0.6639504660582476,True,False,False,True,False,False,False,False,1
-0.7837208350696852,-0.0652604999754528,1.5657882925386846,-0.8650101276831604,-0.3930733144731798,0.5108700880279158,False,False,True,False,True,False,False,False,3
1.278177313717571,1.770088763486827,0.529185649348559,1.2370800975493068,-1.3764590190165173,-0.1733399994115232,False,True,False,True,False,False,False,False,1
-0.2516180869955546,1.152966676205517,-0.7492909439192625,0.18603498493307324,-0.04186413427913066,-1.1758219534828651,False,False,True,False,False,True,False,False,2
-0.5176694610326199,-1.7063305878121349,-0.403756729522554,1.5874284684213849,-0.7442824946672288,-0.8771037793374886,False,True,False,False,False,True,False,False,2
-1.5153621136716147,-1.3331462167593848,-1.336699108393667,-1.2153584985552384,-0.46331515051198957,1.006681363257207,False,True,False,False,False,False,True,False,0
-0.9832593655974842,1.5452369960597587,-0.30009646520354144,1.5874284684213849,-0.7442824946672288,1.2523542262972664,False,False,True,False,False,False,True,False,0
-1.3158235831438159,0.9161021599922113,0.9438267066246093,-0.5146617568110825,-1.446700855055327,0.270508522081947,False,False,True,False,False,True,False,False,1
-0.2516180869955546,1.3679978022890917,0.1145445920725088,0.886731726677229,0.1688613738372988,1.1476844606340961,False,False,True,True,False,False,False,False,3
1.278177313717571,-0.5124796463944792,0.2873116992708631,0.18603498493307324,-1.165733510900088,1.5619318040554027,True,False,False,False,False,False,True,False,0
-1.581874957180881,0.28386914540558567,-1.336699108393667,-0.16431338593900463,0.7307960621477774,1.3866589999503975,True,False,False,False,False,False,True,False,0
-0.05207955646775562,0.039609920085423383,1.5657882925386846,-0.8650101276831604,-1.7276681992105665,-1.2783604343248403,True,False,False,True,False,False,False,False,1
1.1451516266990382,-0.21958486394463517,-0.5765238367209082,0.886731726677229,-0.8847661667448485,1.507161167142451,False,False,True,True,False,False,False,False,0
-1.6483878006901473,0.5036059954662511,-1.4403593727126796,0.5363833558051512,-1.165733510900088,-0.24110132475843038,True,False,False,False,False,False,True,False,2
1.6772543747731687,0.8545185549007214,-1.544019637031692,-0.5146617568110825,-1.2359753469388977,1.302997613239014,True,False,False,False,False,True,False,False,0
0.8791002526619729,-1.062055596340035,0.07999117063283795,-0.8650101276831604,0.6605542261089675,0.7391543733204415,False,True,False,False,False,True,False,False,0
-0.3846437740140872,-1.086519515401059,0.3909719635898756,-0.16431338593900463,-0.1823478063567503,0.5178728810118445,False,False,True,False,False,False,False,True,3
0.5465360351156413,0.3683968083977969,-1.371252529833338,1.2370800975493068,-1.7276681992105665,0.7522803814255838,False,False,True,False,False,False,True,False,0
0.48002319160637497,0.26492933710027694,-0.09277593656551632,1.5874284684213849,0.30934504591491846,0.5566757967247266,True,False,False,True,False,False,False,False,3
1.3446901572268373,-0.49415362817313874,-0.36920330808288315,-0.5146617568110825,1.0820052423418265,-0.015624922643035447,False,False,True,True,False,False,False,False,0
0.14745897406004335,-0.8134121561343848,0.21820485639152137,-0.16431338593900463,1.5034562585746853,1.1006270449788054,False,True,False,False,False,False,True,False,3
0.14745897406004335,0.06927644081055977,0.18365143495185052,-0.5146617568110825,0.8712797342253971,0.34040113225005014,True,False,False,True,False,False,False,False,3
0.8125874091527067,-1.5098593047437934,-0.16188277944485802,0.5363833558051512,-1.0252498388224682,-1.590678235424514,False,False,True,False,False,False,True,False,1
1.2116644702083046,0.22678666759653016,-0.7147375224795917,0.18603498493307324,1.292730750458256,-1.127276021444517,True,False,False,False,True,False,False,False,2
0.8125874091527067,1.3445276386021119,-0.16188277944485802,-0.16431338593900463,-1.516942691094137,-0.33105507618001095,False,True,False,False,False,True,False,False,1
-0.18510524348628826,-0.6272876201957951,1.704001978297368,-1.5657068694273162,0.6605542261089675,-1.0611385321518543,False,True,False,False,True,False,False,False,1
-0.2516180869955546,1.571016179586429,1.3584677639006595,1.5874284684213849,-0.8847661667448485,1.2658185335803764,False,False,True,False,True,False,False,False,3
0.2139718175693097,-1.144712660981105,-1.371252529833338,1.5874284684213849,-1.095491674861278,1.301847396033924,True,False,False,False,False,False,False,True,0
0.679561722134174,0.0666166837800303,-0.9220580511176169,-0.8650101276831604,1.3629725864970659,1.124172667765349,False,False,True,False,False,True,False,False,0
-1.581874957180881,-1.1455310477597294,-0.7492909439192625,0.18603498493307324,-0.5335569865507994,-0.4760162739391208,False,True,False,False,True,False,False,False,2
1.3446901572268373,1.04835930903777,0.8056130208659259,-1.2153584985552384,-1.6574263631717565,-0.733935567221607,False,False,True,False,False,False,True,False,1
-0.2516180869955546,0.32493462483299124,1.012933549503951,-0.5146617568110825,-0.32283147843436993,-1.614731306978009,False,True,False,False,False,True,False,False,1
-0.9832593655974842,1.3091324104266044,0.04543774919316709,-0.5146617568110825,1.0820052423418265,1.4341562045370462,True,False,False,True,False,False,False,False,0
0.01443328704151071,0.3604175373062085,1.3584677639006595,0.886731726677229,0.8712797342253971,0.9359091752263884,True,False,False,False,True,False,False,False,3
0.8791002526619729,-0.8134998404320946,0.529185649348559,0.18603498493307324,0.09861953779848899,1.6652822029244998,False,True,False,False,True,False,False,False,3
-0.7837208350696852,-0.5471149439898354,0.8747198637452676,-1.5657068694273162,-1.2359753469388977,1.0518781334336762,True,False,False,False,False,False,True,False,1
0.5465360351156413,1.412482969327178,1.254807499581647,-0.16431338593900463,-0.46331515051198957,-0.5753070826726067,False,False,True,False,False,False,False,True,1
0.280484661078576,-1.0795632277827512,-0.23098962232419973,-0.16431338593900463,-0.46331515051198957,0.20342379509097527,False,False,True,False,False,True,False,False,0
0.2139718175693097,0.1909237898332372,-0.887504629677946,-0.8650101276831604,0.5903123900701578,-0.7407692106165521,True,False,False,False,True,False,False,False,2
1.278177313717571,0.8739552408930521,0.8056130208659259,-0.8650101276831604,-1.0252498388224682,1.13564100989845,True,False,False,False,False,False,False,True,1
-1.3823364266530822,1.2289012780221715,0.7019527565469134,1.2370800975493068,0.6605542261089675,1.0385153159039568,True,False,False,False,False,False,False,True,3
0.14745897406004335,-0.5708481605699446,-0.023669093686174612,1.2370800975493068,1.3629725864970659,-0.3382946785885172,False,True,False,True,False,False,False,False,2
-1.1827978961252832,-0.11810490339520313,-0.19643620088452887,-1.5657068694273162,0.4498287179925381,-0.9224696991029415,True,False,False,True,False,False,False,False,2
0.2139718175693097,1.4525839214797762,0.9783801280642801,1.5874284684213849,1.1522470783806362,-1.085834372143488,False,False,True,False,True,False,False,False,2
1.2116644702083046,-0.848193594225924,-0.7147375224795917,-0.5146617568110825,0.5903123900701578,-1.256269498003557,False,False,True,True,False,False,False,False,2
1.2116644702083046,-0.36613455351688523,0.5982924922279007,-0.5146617568110825,1.3629725864970659,-1.0563685137425114,True,False,False,False,False,True,False,False,2
0.6130488786249076,-0.9332765911036304,-0.7492909439192625,0.5363833558051512,0.7307960621477774,-0.20196010986758092,False,True,False,False,True,False,False,False,2
-1.1162850526160168,-0.5790612564554256,1.1165938138229636,0.886731726677229,0.4498287179925381,0.9818502035943865,False,False,True,False,False,True,False,False,3
-0.8502336785789515,-1.2391194215152828,0.7365061779865841,0.5363833558051512,-1.7276681992105665,-1.463240935084125,True,False,False,False,False,False,False,True,1
0.4135103480971087,-1.2269020760343892,-1.7167867442300464,-0.5146617568110825,-1.3764590190165173,-0.40842409818119746,False,True,False,False,False,False,True,False,0
0.280484661078576,-0.8218590768137586,-1.3021456869539962,-0.8650101276831604,0.02837770175967916,0.6841807569007091,False,True,False,False,True,False,False,False,0
-1.3158235831438159,1.7260420179372895,0.49463222790888817,-0.5146617568110825,0.09861953779848899,-0.19455135787009084,False,False,True,False,False,True,False,False,1
0.08094613055077704,0.15488554347452474,-0.6110772581605791,1.5874284684213849,0.37958688195372825,-0.34133937119022556,True,False,False,False,False,False,False,True,2
-0.9167465220882178,-1.5472128155681522,1.1165938138229636,0.886731726677229,-0.6740406586284191,-0.8577868962755395,False,True,False,False,True,False,False,False,3
-1.1162850526160168,1.6219023003573279,-0.6801841010399209,-1.2153584985552384,0.37958688195372825,1.6974206248314203,False,True,False,False,False,False,True,False,0
-1.0497722091067505,1.1127195835567358,1.0820403923832926,1.5874284684213849,-1.3062171829777074,-1.5772477580592006,False,False,True,False,True,False,False,False,1
1.1451516266990382,-0.8958353959815617,-0.16188277944485802,-0.8650101276831604,-1.516942691094137,0.3786965991959804,False,False,True,True,False,False,False,False,0
-0.9167465220882178,0.9230876757097558,-0.1273293580051872,-1.5657068694273162,1.5736980946134953,-0.16654018593437478,False,False,True,False,True,False,False,False,2
1.2116644702083046,-1.627239351277929,0.6328459136675716,0.886731726677229,-1.7276681992105665,-0.08111964349755979,False,True,False,False,False,True,False,False,3
-0.9167465220882178,0.3477617703367661,1.5657882925386846,-1.2153584985552384,-1.516942691094137,0.721562816066127,False,False,True,True,False,False,False,False,1
0.7460745656434403,0.5011508351303776,1.496681449659343,-1.5657068694273162,-0.8847661667448485,0.8307319607962664,True,False,False,False,False,False,False,True,1
-0.18510524348628826,1.5521348274795934,1.704001978297368,-0.5146617568110825,-0.46331515051198957,0.678869459806618,False,True,False,False,False,False,True,False,3
0.8791002526619729,-1.225762180164162,1.2202540781419762,-0.5146617568110825,-0.1823478063567503,1.0423380966149904,True,False,False,False,True,False,False,False,3
0.6130488786249076,-1.4886397046980306,-1.129378579755642,0.886731726677229,1.643939930652305,0.4823176374074514,False,True,False,True,False,False,False,False,0
1.4112030007361036,1.46222919422785,1.254807499581647,1.5874284684213849,-0.8847661667448485,-0.10398866792816844,True,False,False,False,False,False,False,True,3
0.679561722134174,-1.3925084863088941,-0.09277593656551632,0.18603498493307324,-0.46331515051198957,-1.5476127500692403,True,False,False,True,False,False,False,False,1
1.6772543747731687,1.6116140094260492,-1.2675922655143252,0.886731726677229,-1.7276681992105665,-0.3550743178157095,False,False,True,True,False,False,False,False,1
-1.2493107396345495,0.3263960297948206,-1.7167867442300464,-1.5657068694273162,1.643939930652305,1.507161167142451,False,True,False,False,False,True,False,False,0
0.679561722134174,-1.6433440339572887,0.771059599426255,-1.2153584985552384,1.2224889144194462,0.21052807782829464,False,True,False,True,False,False,False,False,3
-0.7837208350696852,0.3576116397794961,1.1511472352626344,1.5874284684213849,0.37958688195372825,1.2570565848710158,False,False,True,False,False,True,False,False,3
0.6130488786249076,1.4908435033804692,1.4275746067800013,0.18603498493307324,0.8712797342253971,-1.0803877553782097,False,False,True,True,False,False,False,False,3
-0.7837208350696852,-1.456079602148472,0.2873116992708631,1.5874284684213849,1.4332144225358756,1.1992750852741527,False,True,False,False,False,True,False,False,3
-0.5841823045418862,-1.347731038278442,-0.8183977867986042,-0.8650101276831604,1.0117634063030168,0.9775538040341978,False,False,True,False,True,False,False,False,0
0.6130488786249076,0.4657263788556335,-0.30009646520354144,-0.5146617568110825,0.5200705540313479,1.0266071848394975,True,False,False,False,False,False,True,False,0
0.679561722134174,0.6652373842445802,0.18365143495185052,-1.5657068694273162,1.2224889144194462,-0.9345808096741811,True,False,False,False,False,True,False,False,2
-0.5176694610326199,0.7065366884658785,-1.336699108393667,0.5363833558051512,0.5903123900701578,0.3314362040339092,False,False,True,False,False,True,False,False,2
-0.3846437740140872,1.6245620573878574,-0.9566114725572876,-1.5657068694273162,0.09861953779848899,-1.1305913533885992,False,True,False,False,False,True,False,False,1
-0.11859239997702194,0.7845172572290942,-1.0948251583159712,-0.5146617568110825,1.4332144225358756,-1.6192983458805714,False,True,False,False,False,False,False,True,2
0.280484661078576,1.6053007399909462,-0.9220580511176169,-0.8650101276831604,-0.32283147843436993,0.34706562605601166,False,False,True,False,False,False,True,False,0
0.9456130961712392,1.4419741214568949,-1.0948251583159712,1.2370800975493068,-0.3930733144731798,-1.0824175504460154,True,False,False,False,True,False,False,False,1
-1.6483878006901473,-1.5482650271406693,0.3909719635898756,-0.5146617568110825,-0.1823478063567503,-1.0644876940137333,True,False,False,True,False,False,False,False,2
0.679561722134174,0.5009754665349582,-1.1639320011953127,1.2370800975493068,0.7307960621477774,-1.0776137021188756,False,True,False,False,False,False,False,True,2
1.4112030007361036,0.9365033732593495,0.04543774919316709,-0.8650101276831604,0.6605542261089675,-1.4280578205754961,False,False,True,True,False,False,False,False,1
0.01443328704151071,-1.327885158896799,0.14909801351217966,0.18603498493307324,0.4498287179925381,0.030417595478352606,True,False,False,False,False,True,False,False,3
-0.2516180869955546,-0.8022762503252449,-0.23098962232419973,-0.5146617568110825,-0.6740406586284191,-1.2082648446499566,False,True,False,False,False,True,False,False,1
1.4112030007361036,-1.4435115194767396,1.1857006567023052,1.2370800975493068,1.0820052423418265,1.5985357751114955,False,True,False,False,False,False,True,False,3
1.47771584424537,0.09268814829906641,0.7019527565469134,-0.16431338593900463,-1.2359753469388977,-1.630428388835705,False,False,True,True,False,False,False,False,1
-1.4488492701623485,0.4758393011914928,0.46007880646921734,0.886731726677229,0.8010378981865872,-1.1531559085590373,True,False,False,False,False,False,True,False,2
0.2139718175693097,1.055023315663712,0.5637390707882299,1.2370800975493068,-1.3062171829777074,1.3294526089560792,False,False,True,True,False,False,False,False,3
-1.1827978961252832,0.2438851056499339,-1.0948251583159712,-1.5657068694273162,-1.516942691094137,-1.1416199065903425,True,False,False,False,False,False,True,False,1
-1.6483878006901473,0.7234889860230993,-0.43831015096222486,-0.16431338593900463,0.5903123900701578,0.4775137890803119,True,False,False,True,False,False,False,False,2
-1.4488492701623485,-1.2159123107214322,0.6673993351072425,-1.5657068694273162,-0.1823478063567503,-0.5645829987310343,True,False,False,False,False,True,False,False,1
-0.31813093050482094,-0.11035945709750743,1.704001978297368,0.886731726677229,1.5736980946134953,1.3996158584665561,False,True,False,False,False,False,False,True,3
0.48002319160637497,0.938666252602857,0.7019527565469134,-1.5657068694273162,-0.7442824946672288,0.16807153099336258,True,False,False,True,False,False,False,False,1
-0.5841823045418862,1.5383683927391607,-0.9220580511176169,-0.5146617568110825,1.5034562585746853,0.5320137866508897,False,True,False,False,False,False,False,True,2
1.0121259396805056,1.5288692604872698,-0.19643620088452887,-0.16431338593900463,1.292730750458256,1.4382834545082508,False,True,False,False,False,False,False,True,0
-0.7172079915604188,-0.6726788583102157,0.8747198637452676,-1.2153584985552384,-1.095491674861278,-0.6437788362932457,True,False,False,False,False,False,False,True,1
0.8125874091527067,1.6587881615939015,-0.09277593656551632,0.18603498493307324,1.1522470783806362,-0.2369064149516323,False,True,False,False,False,False,False,True,2
0.679561722134174,-1.3208996431792548,0.18365143495185052,-0.16431338593900463,1.643939930652305,0.5939563661367542,True,False,False,False,True,False,False,False,3
-1.2493107396345495,-1.620283063659621,0.3564185421502048,0.5363833558051512,0.9415215702642069,-0.5898877772430096,False,True,False,False,False,True,False,False,2
0.2139718175693097,-0.5650609969211002,-1.1984854226349837,0.5363833558051512,1.0820052423418265,0.49598492419734214,False,True,False,True,False,False,False,False,0
-0.11859239997702194,1.2129135077397581,0.771059599426255,-0.16431338593900463,-1.7276681992105665,1.5244482551365945,False,True,False,True,False,False,False,False,1
1.1451516266990382,-1.3670215837745898,-1.6822333227903756,1.2370800975493068,-0.46331515051198957,-1.0646568436027173,True,False,False,False,True,False,False,False,2
-1.4488492701623485,-0.3763059320512177,0.04543774919316709,0.5363833558051512,0.5200705540313479,-1.1423641647818712,False,True,False,False,True,False,False,False,2
-1.7149006441994137,1.5824151382886982,-0.36920330808288315,0.5363833558051512,0.30934504591491846,-0.8515283614831393,False,False,True,False,True,False,False,False,2
-1.4488492701623485,-1.012397055737073,1.5657882925386846,1.5874284684213849,1.0117634063030168,-0.0023974247845030155,False,True,False,False,True,False,False,False,3
1.47771584424537,1.7830368114486352,0.9783801280642801,-0.5146617568110825,-1.3062171829777074,-0.5324784067419106,False,True,False,False,False,False,False,True,1
0.9456130961712392,1.2776829756480361,1.3930211853403305,0.886731726677229,-1.446700855055327,-0.7328868397699074,False,True,False,False,False,False,False,True,1
0.280484661078576,-0.47913038516553275,1.1857006567023052,0.886731726677229,-0.9550080027836584,-0.01951536318966278,False,False,True,False,False,False,False,True,3
1.6107415312639024,0.7382784042368126,0.46007880646921734,-1.2153584985552384,0.7307960621477774,-0.10057184623069587,False,False,True,False,False,False,False,True,1
-1.6483878006901473,0.6645651379621388,-1.5094662155920213,-1.2153584985552384,0.23910320987610864,1.0860125204906055,False,True,False,False,False,False,False,True,0
-1.3158235831438159,0.6002925477408827,0.7019527565469134,1.2370800975493068,1.0117634063030168,0.38509045365956773,False,False,True,False,False,False,False,True,3
-0.7172079915604188,1.2996917343731866,-0.05822251512584547,1.5874284684213849,1.292730750458256,0.5046792130711089,False,True,False,False,False,False,False,True,2
-1.6483878006901473,-0.17521660930349522,-1.4058059512730088,-0.16431338593900463,1.0117634063030168,-0.2910342834264458,False,True,False,False,False,False,False,True,2
1.6772543747731687,-0.8719560389052696,-0.36920330808288315,-1.2153584985552384,-0.8145243307060387,0.4533253978556297,True,False,False,False,False,False,True,False,0
-1.0497722091067505,-0.629567411936249,-1.4749127941523505,1.5874284684213849,-0.32283147843436993,-1.0572819215230238,False,True,False,False,False,True,False,False,2
-0.7837208350696852,1.4257232982813521,1.5312348710990138,0.18603498493307324,-1.6574263631717565,-1.5583030040930161,False,False,True,False,True,False,False,False,1
-1.7149006441994137,0.6874507396643869,-1.4403593727126796,-0.8650101276831604,-1.095491674861278,0.3248393700635412,False,False,True,False,False,True,False,False,0
0.08094613055077704,0.6365646188934878,1.1857006567023052,-0.5146617568110825,-0.3930733144731798,1.5281695460942382,True,False,False,False,False,True,False,False,3
0.08094613055077704,-0.6064187573408716,0.46007880646921734,-0.5146617568110825,1.5034562585746853,1.469373148963472,True,False,False,False,False,False,False,True,3
-0.3846437740140872,-0.9815614110424731,-1.7167867442300464,0.18603498493307324,-1.446700855055327,1.6472170268210309,False,True,False,False,True,False,False,False,0
1.6772543747731687,-0.29131061947122106,1.704001978297368,-1.2153584985552384,-1.2359753469388977,-1.4117856301152552,False,False,True,False,False,False,True,False,1
-0.9832593655974842,-1.0823106691109903,1.5657882925386846,-0.8650101276831604,-0.9550080027836584,0.5949374337528605,True,False,False,False,False,False,True,False,3
-0.7837208350696852,-0.8872715629052416,-1.6131264799110339,-0.16431338593900463,-0.7442824946672288,1.458141616254948,True,False,False,False,True,False,False,False,0
0.2139718175693097,0.34597885628333425,-1.3021456869539962,1.2370800975493068,0.9415215702642069,-1.501028953263104,False,False,True,False,True,False,False,False,2
-0.7172079915604188,0.05059968539838031,-1.0948251583159712,-1.2153584985552384,-1.3062171829777074,-0.80267796018462,True,False,False,True,False,False,False,False,1
0.5465360351156413,1.3211159311136054,0.46007880646921734,-1.5657068694273162,0.5200705540313479,0.14175185494748463,False,True,False,True,False,False,False,False,1
1.2116644702083046,0.8535540276259139,-0.4728635724018957,-0.8650101276831604,1.5034562585746853,-1.2863442949248751,True,False,False,False,False,False,False,True,2
-1.3823364266530822,1.6390007384107317,0.8401664423055967,-1.5657068694273162,-1.2359753469388977,1.1288073665035048,True,False,False,True,False,False,False,False,1
0.8791002526619729,1.4866931132888739,-0.403756729522554,-0.16431338593900463,1.643939930652305,-1.548898286945517,False,True,False,False,False,False,False,True,2
-1.1162850526160168,0.5390596798402317,0.4255253850295465,-1.5657068694273162,0.09861953779848899,-1.54250443248193,False,True,False,False,False,False,False,True,1
1.1451516266990382,0.10318103592500134,-0.23098962232419973,0.5363833558051512,-1.095491674861278,0.2738915138616228,False,True,False,False,False,False,False,True,0
-1.6483878006901473,1.6854149599984327,-0.43831015096222486,1.2370800975493068,1.292730750458256,1.1081711166474821,False,True,False,False,False,False,True,False,2
-0.5176694610326199,0.7392721596108566,0.8056130208659259,-1.5657068694273162,0.02837770175967916,-0.3876863585717846,False,False,True,False,False,False,False,True,1
-1.0497722091067505,0.9520234939539775,-0.23098962232419973,-0.8650101276831604,-0.7442824946672288,-0.03382541841769146,False,True,False,False,False,False,False,True,1
0.14745897406004335,-0.8011655825542545,-1.6476799013507046,-0.5146617568110825,-1.6574263631717565,-0.9427338198631998,False,False,True,False,False,False,False,True,1
1.2116644702083046,-0.4099767023717666,-0.05822251512584547,-1.2153584985552384,-0.6037988225896093,1.4929187717500156,True,False,False,False,False,False,False,True,0
0.280484661078576,-0.8934679199433981,0.6673993351072425,1.2370800975493068,1.2224889144194462,-1.0145209054279212,True,False,False,False,False,False,True,False,2
-0.31813093050482094,-1.1261820460651084,0.07999117063283795,-0.16431338593900463,-0.1823478063567503,0.799168647491891,False,True,False,False,False,True,False,False,0
-1.1162850526160168,-0.4290041949747851,-1.371252529833338,0.886731726677229,-0.25258964239556014,-1.5729175285812156,False,True,False,False,True,False,False,False,2
-0.5176694610326199,-1.4878797741178795,1.2893609210213177,0.886731726677229,1.5736980946134953,0.36580740051541566,False,True,False,False,False,True,False,False,3
-0.7172079915604188,0.4256254267030354,-1.1984854226349837,-0.8650101276831604,-1.5871845271329468,1.7123396185797908,True,False,False,False,True,False,False,False,0
1.6772543747731687,-0.04795746522739296,0.6673993351072425,-1.5657068694273162,-1.7979100352493762,1.0822235696973685,False,False,True,True,False,False,False,False,1
1.6107415312639024,-1.4036151640187975,-0.9911648939969585,-0.5146617568110825,1.3629725864970659,1.564841176985924,True,False,False,False,False,True,False,False,0
1.47771584424537,1.1221310315109172,-1.6476799013507046,-1.5657068694273162,0.37958688195372825,-0.9918210305862962,True,False,False,True,False,False,False,False,1
-1.3823364266530822,1.0132563618546284,1.012933549503951,-0.5146617568110825,-0.5335569865507994,1.2469752693675822,True,False,False,True,False,False,False,False,3
0.01443328704151071,0.690841199175831,-0.4728635724018957,0.5363833558051512,-0.6037988225896093,0.9364504539111365,False,False,True,False,False,True,False,False,0
1.078638783189772,0.5855031295271694,-0.9566114725572876,1.2370800975493068,-0.1823478063567503,0.0494976691157245,False,False,True,False,True,False,False,False,0
-1.4488492701623485,0.15666845752795658,-0.30009646520354144,0.18603498493307324,-1.446700855055327,-1.4182133144966393,True,False,False,False,False,False,True,False,1
-0.31813093050482094,-1.7097502754228158,-0.64563067960025,0.18603498493307324,1.5034562585746853,1.2555004086523653,False,True,False,False,False,False,False,True,0
0.6130488786249076,-1.1984046792787162,1.1857006567023052,-1.2153584985552384,1.292730750458256,-0.5198260174859229,False,True,False,False,False,False,False,True,3
0.4135103480971087,-1.3016967819808167,1.1165938138229636,-0.8650101276831604,-0.6740406586284191,-1.383537648754962,False,True,False,False,True,False,False,False,1
-1.581874957180881,-1.0902607121033423,1.704001978297368,-0.16431338593900463,-1.516942691094137,1.3446760719646205,False,True,False,True,False,False,False,False,3
1.6772543747731687,-1.0738929765308531,-1.129378579755642,1.2370800975493068,-0.8847661667448485,0.24063670466740955,False,True,False,False,False,False,False,True,0
1.1451516266990382,-1.000910412737094,0.9438267066246093,-0.8650101276831604,-1.6574263631717565,1.3332077298315195,True,False,False,False,False,False,True,False,0
1.47771584424537,-1.0275372111416252,1.704001978297368,-0.5146617568110825,-0.32283147843436993,-0.9154330762012158,False,False,True,False,False,False,False,True,3
-1.2493107396345495,-1.0550700806224909,0.07999117063283795,-1.5657068694273162,-0.8847661667448485,-1.4175028862229075,True,False,False,False,False,True,False,False,1
0.08094613055077704,0.20068597497825746,1.1165938138229636,-0.16431338593900463,0.23910320987610864,1.1941329377690455,False,True,False,False,False,False,True,False,3
-0.2516180869955546,-0.7589017510581489,1.1511472352626344,-0.5146617568110825,0.09861953779848899,-1.161308918748056,False,True,False,False,False,False,False,True,1
-0.7172079915604188,0.9685665981218861,-1.1639320011953127,0.5363833558051512,0.09861953779848899,-0.237515353471974,False,True,False,False,False,False,True,False,2
1.278177313717571,-0.18135451014317863,0.3564185421502048,-0.5146617568110825,1.1522470783806362,-0.343233846586844,False,True,False,False,False,False,True,False,3
1.1451516266990382,1.425606385884406,1.4275746067800013,-0.16431338593900463,-1.3062171829777074,-0.03240456187022774,False,False,True,False,False,True,False,False,1
-1.7149006441994137,1.5997766292352311,-0.16188277944485802,1.5874284684213849,0.30934504591491846,-1.1793064350159315,False,True,False,False,False,True,False,False,2
-1.3823364266530822,1.6191840871283252,-1.4058059512730088,-0.8650101276831604,1.4332144225358756,-0.44161124753981745,False,True,False,False,False,True,False,False,2
0.8125874091527067,1.3568326683807153,-1.129378579755642,-0.8650101276831604,0.30934504591491846,0.0771705418734727,False,False,True,False,True,False,False,False,0
1.6107415312639024,0.5300281971761261,1.1857006567023052,1.5874284684213849,0.23910320987610864,1.2266773186895272,False,False,True,False,True,False,False,False,3
-0.9832593655974842,-0.825366448722149,0.18365143495185052,-0.5146617568110825,0.02837770175967916,-0.13541666156135707,False,True,False,True,False,False,False,False,2
-1.4488492701623485,0.11984105248985626,0.8401664423055967,0.5363833558051512,1.5736980946134953,-1.2570814160306791,False,False,True,False,True,False,False,False,2
0.08094613055077704,-1.361555929217348,0.2527582778311922,0.886731726677229,-1.516942691094137,1.2788768818499252,True,False,False,False,False,False,True,False,3
-0.9832593655974842,-0.8384314090809037,-0.2655430437638706,0.18603498493307324,-0.1823478063567503,-1.308773530424126,True,False,False,False,False,True,False,False,2
-1.7149006441994137,0.18122006088669015,0.6328459136675716,0.886731726677229,1.5034562585746853,0.9066124664143957,False,False,True,True,False,False,False,False,3
-0.5176694610326199,-1.6672526191328174,-0.36920330808288315,-0.5146617568110825,-1.446700855055327,-0.40791664941424616,True,False,False,False,True,False,False,False,1
-1.6483878006901473,1.3354961559380063,1.5312348710990138,0.5363833558051512,1.2224889144194462,-1.3352623560589876,False,True,False,False,True,False,False,False,2
-0.2516180869955546,1.6027871234565996,-1.544019637031692,0.886731726677229,-0.04186413427913066,-0.004325730098918222,True,False,False,False,False,True,False,False,2
0.280484661078576,0.13395822442112806,-0.7147375224795917,0.5363833558051512,-1.516942691094137,-0.03991480362110801,False,False,True,True,False,False,False,False,1
0.34699750458784234,-0.978375548225685,0.3909719635898756,-1.2153584985552384,-1.7979100352493762,1.591871281305534,False,True,False,True,False,False,False,False,0
0.48002319160637497,1.7757590147387248,1.5657882925386846,-1.5657068694273162,0.30934504591491846,-0.762927806773429,True,False,False,False,True,False,False,False,1
-0.7837208350696852,-1.2243884595000425,1.4275746067800013,-0.16431338593900463,-1.2359753469388977,-0.27909232244418997,True,False,False,False,False,True,False,False,1
1.3446901572268373,-1.3247869803777208,0.2873116992708631,1.5874284684213849,0.5903123900701578,-0.43467611439148196,False,True,False,False,True,False,False,False,3
-1.5153621136716147,-0.5048803405929664,-1.1639320011953127,1.5874284684213849,-1.0252498388224682,-1.3223054975428292,True,False,False,False,True,False,False,False,2
0.48002319160637497,1.7900223271661797,1.669448556857697,-1.5657068694273162,-1.0252498388224682,-0.935155918276726,True,False,False,False,False,True,False,False,1
0.14745897406004335,1.2003161969687888,0.18365143495185052,1.5874284684213849,0.02837770175967916,0.9266397777500766,False,True,False,True,False,False,False,False,3
-1.6483878006901473,1.3873760320829494,-0.023669093686174612,-0.5146617568110825,1.5736980946134953,-1.0755162472154767,False,True,False,False,True,False,False,False,2
-0.7172079915604188,-1.4690276501102806,1.4275746067800013,-0.8650101276831604,0.7307960621477774,0.4549154039920774,False,True,False,False,False,False,True,False,3
-0.9167465220882178,0.7689094522367563,-0.9566114725572876,1.2370800975493068,-1.446700855055327,-1.4149994723059474,False,True,False,True,False,False,False,False,1
0.48002319160637497,-1.4962097824003069,-1.544019637031692,-0.16431338593900463,-0.8847661667448485,0.7233896316271519,True,False,False,False,False,False,False,True,0
1.2116644702083046,1.736213396471622,0.9783801280642801,-0.16431338593900463,-0.32283147843436993,-0.9783567233031863,False,False,True,False,True,False,False,False,1
-1.581874957180881,-0.7879837097985536,1.012933549503951,-1.2153584985552384,-0.8847661667448485,-1.5015364020300552,False,False,True,False,False,True,False,False,1
0.2139718175693097,-0.9571559481799224,0.6328459136675716,-0.16431338593900463,0.9415215702642069,0.9490690132493274,False,False,True,False,False,False,True,False,3
-0.9832593655974842,-0.22309223585302568,-0.6110772581605791,0.18603498493307324,-0.8145243307060387,1.2628753307320584,False,False,True,True,False,False,False,False,0
-0.7172079915604188,0.14901069552797064,-0.9911648939969585,-0.5146617568110825,0.7307960621477774,-0.7354240836046644,False,True,False,False,False,False,False,True,2
0.6130488786249076,0.5776115427332907,-1.0257183154366294,-1.5657068694273162,1.4332144225358756,0.8191282989919784,False,True,False,False,True,False,False,False,0
-1.4488492701623485,0.3574362711840766,-1.6131264799110339,-0.16431338593900463,-1.165733510900088,-0.1108561412409105,False,True,False,False,False,False,False,True,0
1.2116644702083046,1.7536917998151011,-0.33464988664321227,1.2370800975493068,0.37958688195372825,1.6513104468744386,True,False,False,False,False,False,False,True,0
-0.9832593655974842,0.28202777515368066,-0.30009646520354144,1.2370800975493068,0.5200705540313479,-0.5691500376335966,False,False,True,False,False,False,False,True,2
-1.0497722091067505,-0.7783676651497162,1.704001978297368,0.18603498493307324,-1.6574263631717565,0.7994731167520616,False,False,True,False,False,True,False,False,3
0.14745897406004335,-0.44224452392895924,-1.6822333227903756,-0.5146617568110825,0.1688613738372988,-0.019786002532036794,False,True,False,False,False,False,True,False,0
0.4135103480971087,1.2888773376556493,0.21820485639152137,0.5363833558051512,-0.3930733144731798,1.4836493742737038,False,True,False,False,False,False,True,False,0
0.8125874091527067,-0.9588511779356444,0.2527582778311922,0.5363833558051512,0.23910320987610864,-0.19143900543278902,False,False,True,False,True,False,False,False,3
-0.18510524348628826,-0.564008785348583,1.5312348710990138,-0.5146617568110825,0.09861953779848899,1.501004122103441,False,False,True,True,False,False,False,False,3
0.5465360351156413,1.1255507191215979,0.8747198637452676,0.886731726677229,-0.04186413427913066,-1.620076433989897,False,True,False,False,False,False,False,True,1
0.6130488786249076,1.4425002272431535,-0.6110772581605791,1.5874284684213849,1.4332144225358756,0.10460660520664383,True,False,False,False,False,True,False,False,2
-1.581874957180881,1.6783709880824151,0.46007880646921734,-0.16431338593900463,-0.6037988225896093,0.01062709356724905,False,True,False,False,True,False,False,False,1
-0.7172079915604188,-1.0312199516454352,-0.6110772581605791,-0.5146617568110825,1.4332144225358756,-0.815702478536372,True,False,False,True,False,False,False,False,2
0.2139718175693097,-0.6988087790277249,-0.887504629677946,-0.5146617568110825,-1.0252498388224682,-0.8626922343560695,False,True,False,False,False,False,True,False,1
-1.7149006441994137,1.630173852441282,0.6328459136675716,1.2370800975493068,0.02837770175967916,-1.1861739083286735,True,False,False,False,True,False,False,False,2
-0.31813093050482094,-1.1650261899505332,-0.19643620088452887,-0.8650101276831604,1.3629725864970659,-0.26102714634072105,False,True,False,False,False,False,True,False,2
-0.9167465220882178,0.4004015770618603,1.2893609210213177,-0.16431338593900463,1.4332144225358756,-1.2195978671118708,False,True,False,False,False,False,True,False,2
-0.18510524348628826,-0.6221434747301557,-0.5765238367209082,-0.8650101276831604,0.23910320987610864,-0.10858953674852763,False,False,True,False,False,False,True,False,0
0.6130488786249076,0.2337721833140746,-0.7492909439192625,-0.5146617568110825,-1.516942691094137,0.8517065098302568,False,False,True,False,True,False,False,False,0
-1.3823364266530822,-0.13412190177685313,-0.7838443653589334,0.18603498493307324,0.30934504591491846,-1.3329957515666049,True,False,False,False,False,False,True,False,2
-0.11859239997702194,-0.7323626369513274,0.7365061779865841,-0.5146617568110825,0.9415215702642069,-1.10251252161729,True,False,False,False,False,False,True,False,2
-0.7172079915604188,-1.4681215790339464,-0.403756729522554,1.5874284684213849,1.1522470783806362,-1.328936161430994,True,False,False,False,True,False,False,False,2
1.078638783189772,-1.0289986161034546,0.771059599426255,-0.8650101276831604,-1.516942691094137,0.5072841167414591,False,False,True,False,False,False,True,False,1
1.3446901572268373,0.806847525045847,-1.578573058471363,-1.5657068694273162,-1.516942691094137,-1.5781273359219163,True,False,False,True,False,False,False,False,1
1.6772543747731687,1.562656943204765,1.6348951354180263,-0.16431338593900463,0.5903123900701578,0.4205442075105706,False,True,False,False,True,False,False,False,3
-0.05207955646775562,-1.4756916567362224,0.14909801351217966,-0.8650101276831604,-0.1823478063567503,1.5258014518484648,False,True,False,False,False,True,False,False,0
-0.9832593655974842,-0.15575069521192791,0.01088432775349624,0.886731726677229,-1.7979100352493762,1.4019162928767355,False,False,True,True,False,False,False,False,0
0.6130488786249076,-0.7738665378672818,-1.3021456869539962,-1.2153584985552384,0.8712797342253971,-1.4403042508179227,False,False,True,False,False,False,False,True,2
-0.9832593655974842,-0.0062197395175459195,-0.403756729522554,-0.16431338593900463,1.643939930652305,1.053874098583685,False,False,True,False,False,True,False,False,2
0.6130488786249076,-1.1190211617521444,1.4275746067800013,0.18603498493307324,1.5034562585746853,1.0899029610372326,False,False,True,False,False,False,False,True,3
-1.581874957180881,0.9799363287249186,-0.36920330808288315,-0.8650101276831604,-1.446700855055327,0.9644616258468527,False,True,False,False,True,False,False,False,0
-0.7172079915604188,0.40241831590918486,-0.8529512082382751,0.886731726677229,1.4332144225358756,-0.4589998252873512,False,False,True,False,False,False,False,True,2
-0.9167465220882178,0.2726455552987361,1.669448556857697,-0.5146617568110825,0.02837770175967916,-0.5798402916573724,True,False,False,True,False,False,False,False,1
1.0121259396805056,-0.6519269078522385,-0.4728635724018957,1.2370800975493068,1.2224889144194462,-0.0293936991863161,False,False,True,True,False,False,False,False,3
-0.18510524348628826,-1.5121975526827203,-0.023669093686174612,-0.16431338593900463,0.6605542261089675,-0.005848076399772312,False,True,False,False,False,False,True,False,2
-1.6483878006901473,1.447001354525588,-1.4749127941523505,1.2370800975493068,-0.8145243307060387,-1.2704780634781954,False,True,False,False,False,True,False,False,2
-1.1162850526160168,0.24145917341329712,-0.9911648939969585,-0.8650101276831604,-1.165733510900088,0.1998716537223154,True,False,False,False,True,False,False,False,1
-0.31813093050482094,0.5916702584660893,0.4255253850295465,-1.2153584985552384,-0.25258964239556014,-0.27229250896704155,False,False,True,False,False,False,False,True,1
1.4112030007361036,-0.12503196291427437,1.1165938138229636,0.5363833558051512,1.3629725864970659,1.6224196970760068,False,True,False,False,False,True,False,False,3
1.3446901572268373,1.6731683864183025,0.8747198637452676,-1.2153584985552384,1.5034562585746853,-1.4996419266334369,True,False,False,False,False,False,True,False,1
0.2139718175693097,0.5923132766492942,-0.4728635724018957,0.5363833558051512,0.8010378981865872,0.5013638811270265,True,False,False,False,False,True,False,False,2
-0.9832593655974842,-0.47863350747851074,-0.33464988664321227,-0.16431338593900463,0.30934504591491846,0.05166278385471699,True,False,False,False,False,False,False,True,2
-0.05207955646775562,0.2773220511765901,-1.2675922655143252,0.18603498493307324,1.5736980946134953,1.3337828384340642,True,False,False,False,True,False,False,False,0
0.48002319160637497,1.6127246771970394,-0.023669093686174612,0.886731726677229,-0.25258964239556014,1.433344286509924,False,False,True,False,True,False,False,False,0
-1.3823364266530822,0.9986715403355713,-1.2330388440746545,-0.8650101276831604,-1.5871845271329468,-0.8243291075745454,True,False,False,False,True,False,False,False,1
-1.3158235831438159,0.139277738482187,-1.0602717368763002,-1.5657068694273162,-1.5871845271329468,0.48695233614560735,True,False,False,True,False,False,False,False,1
0.5465360351156413,-0.09451782731127696,-1.544019637031692,-0.16431338593900463,-1.7276681992105665,0.7170972669169552,False,False,True,False,False,False,True,False,0
-0.6506951480511526,-0.8187316701954437,1.5312348710990138,-0.8650101276831604,0.8010378981865872,-0.6342726293923566,True,False,False,False,False,False,True,False,3
1.6107415312639024,-0.9002488389662864,0.6673993351072425,0.886731726677229,1.3629725864970659,-1.062728538288302,False,True,False,False,False,True,False,False,3
0.8791002526619729,0.24943844450488553,-0.7838443653589334,0.18603498493307324,1.0820052423418265,0.8425724320251319,False,True,False,False,False,False,True,False,0
1.0121259396805056,1.5539469696322619,-0.7838443653589334,-0.5146617568110825,-1.516942691094137,-0.9746354323455431,False,False,True,False,False,False,False,True,1
-0.6506951480511526,0.7572182125421213,-0.43831015096222486,0.5363833558051512,0.09861953779848899,0.5243682252288224,True,False,False,False,True,False,False,False,2
1.3446901572268373,0.12822951697075688,-1.6822333227903756,0.5363833558051512,1.643939930652305,-1.3781248619074806,True,False,False,False,False,False,False,True,2
0.679561722134174,1.2831778583045146,1.1165938138229636,-0.8650101276831604,-1.7276681992105665,-1.5127002749029856,False,True,False,False,False,False,False,True,1
1.5442286877546363,0.7914150886489287,-1.4058059512730088,-1.5657068694273162,0.6605542261089675,0.5203424650110079,False,False,True,False,False,True,False,False,0
1.2116644702083046,0.741084301763525,0.9438267066246093,0.18603498493307324,1.643939930652305,0.7717325841587199,False,True,False,False,True,False,False,False,3
-1.3158235831438159,0.9899615667630681,-1.371252529833338,-1.2153584985552384,-1.5871845271329468,1.16997837646216,False,False,True,False,True,False,False,False,0
-0.05207955646775562,-0.5998132069134028,-0.05822251512584547,-1.2153584985552384,-1.446700855055327,-0.24465346612709007,True,False,False,False,False,True,False,False,1
-1.1162850526160168,1.7203425385861548,1.5657882925386846,-0.8650101276831604,-0.04186413427913066,-1.5773154178947941,False,True,False,False,False,False,False,True,1
0.2139718175693097,-0.00680430150227767,-0.64563067960025,0.886731726677229,0.02837770175967916,0.6568123534031315,False,False,True,False,False,True,False,False,0
-1.1162850526160168,0.7211507380841723,-0.5074169938415666,-0.8650101276831604,1.3629725864970659,0.02273820413848851,True,False,False,False,True,False,False,False,2
-0.7837208350696852,0.21515388410036831,-0.5765238367209082,0.18603498493307324,1.0117634063030168,-1.4452095888984524,False,False,True,False,True,False,False,False,2
-0.18510524348628826,1.5332534753727578,-0.5419704152812375,0.5363833558051512,-0.8847661667448485,-0.8793365539120745,False,True,False,False,False,False,True,False,1
0.280484661078576,-0.17960082418898338,1.6003417139783556,-1.5657068694273162,0.5903123900701578,-0.9736205348116402,False,True,False,False,False,False,False,True,1
0.08094613055077704,-1.1840829106527884,0.6673993351072425,0.18603498493307324,-1.2359753469388977,-0.9255143917046497,False,False,True,False,False,True,False,False,1
-0.7172079915604188,-0.6827333244476017,-0.19643620088452887,1.5874284684213849,1.0820052423418265,-1.2170267933593173,False,False,True,True,False,False,False,False,2
-1.1162850526160168,-0.2160190358377715,-0.23098962232419973,0.18603498493307324,-1.3062171829777074,0.5470342701526503,False,True,False,False,True,False,False,False,0
1.1451516266990382,1.6682580657465558,0.9783801280642801,-1.2153584985552384,0.5200705540313479,0.9124312122754379,False,True,False,True,False,False,False,False,3
-0.5841823045418862,0.8147975680381988,-0.43831015096222486,1.5874284684213849,-1.095491674861278,-1.3974417449694299,False,False,True,True,False,False,False,False,1
0.679561722134174,0.015613650612184993,-1.2675922655143252,-0.5146617568110825,-1.095491674861278,-1.19601841440753,True,False,False,False,False,False,False,True,1
1.6772543747731687,-1.589388962766548,-0.023669093686174612,-0.5146617568110825,0.02837770175967916,0.9001847820330117,True,False,False,False,False,False,False,True,0
1.47771584424537,-1.4569856732248063,-0.36920330808288315,1.5874284684213849,-1.3764590190165173,0.2511578091022015,False,False,True,False,False,False,True,False,0
-0.9167465220882178,-0.34614253363905934,0.6673993351072425,-0.8650101276831604,0.37958688195372825,0.9063756569898183,True,False,False,False,False,True,False,False,3
0.8125874091527067,-1.695486962995361,-0.1273293580051872,-0.16431338593900463,-1.446700855055327,0.787937114783367,False,False,True,False,False,True,False,False,0
-0.45115661752335356,0.5004493607486995,-0.8529512082382751,-0.16431338593900463,1.4332144225358756,-1.3449377125488606,False,True,False,False,False,False,True,False,2
-0.8502336785789515,-0.07391201734948273,0.3909719635898756,1.2370800975493068,-0.11210597031794048,1.428574268100581,False,False,True,False,False,False,False,True,3
-0.9832593655974842,1.370599103121148,0.07999117063283795,1.2370800975493068,0.6605542261089675,-1.5636819610227006,True,False,False,True,False,False,False,False,2
-1.1162850526160168,-1.1669260164009114,-0.7492909439192625,0.5363833558051512,0.1688613738372988,1.6389963567964188,True,False,False,False,False,False,False,True,0
0.5465360351156413,-0.02290898418163742,0.9783801280642801,0.18603498493307324,1.2224889144194462,-1.3436521756725837,False,True,False,True,False,False,False,False,2
0.7460745656434403,-0.8590956752411711,-0.5074169938415666,0.18603498493307324,0.30934504591491846,1.3796223770486717,False,False,True,False,False,False,True,False,0
-0.6506951480511526,-1.0003843069508354,-0.8183977867986042,-1.2153584985552384,-0.6740406586284191,1.56331883068507,False,True,False,False,False,False,True,False,0
-0.9167465220882178,0.18420132700882208,0.8747198637452676,0.18603498493307324,0.4498287179925381,0.3539669292865502,False,True,False,False,False,False,True,False,3
0.2139718175693097,-1.3944959970569821,-0.5074169938415666,-1.5657068694273162,-1.5871845271329468,1.4259017045946374,True,False,False,True,False,False,False,False,0
-0.7837208350696852,-1.3862536730722645,-1.2675922655143252,-0.16431338593900463,0.8712797342253971,1.6532387521888536,False,False,True,False,True,False,False,False,0
1.3446901572268373,-0.6078509342034644,-1.336699108393667,0.18603498493307324,-0.6740406586284191,-1.238847090338226,True,False,False,False,False,False,True,False,1
1.3446901572268373,-1.1788218527902026,-0.403756729522554,-0.16431338593900463,0.4498287179925381,-0.1369728377800079,True,False,False,False,False,True,False,False,0
0.48002319160637497,1.6852395914030132,1.669448556857697,0.5363833558051512,0.8010378981865872,1.0708567173176577,True,False,False,False,False,True,False,False,3
1.278177313717571,-0.9390052985540015,0.3218651207105339,-0.5146617568110825,1.292730750458256,1.5262412407798227,False,False,True,False,False,False,True,False,3
0.14745897406004335,0.7093425859925909,-1.544019637031692,1.5874284684213849,0.02837770175967916,0.22795048549362512,True,False,False,False,False,False,False,True,2
-0.5176694610326199,0.5215520483975158,1.6348951354180263,0.5363833558051512,1.5736980946134953,-1.4788365271884305,False,False,True,True,False,False,False,False,2
0.34699750458784234,0.8029894159466174,1.5312348710990138,0.886731726677229,-0.32283147843436993,-1.1818436788506883,False,False,True,False,True,False,False,False,1
1.1451516266990382,1.4167502718157199,-0.8183977867986042,0.5363833558051512,-1.7276681992105665,-0.7549101162555971,False,True,False,False,True,False,False,False,1
-1.1162850526160168,0.0395806919861868,0.1145445920725088,1.5874284684213849,0.7307960621477774,0.8733576572201821,True,False,False,False,False,False,True,False,3
-0.11859239997702194,-0.9388883861570552,-1.4749127941523505,1.2370800975493068,-0.6037988225896093,1.3129436090712612,False,True,False,True,False,False,False,False,0
-0.45115661752335356,0.454210507756418,0.46007880646921734,1.2370800975493068,1.5736980946134953,-1.2680423093968287,False,True,False,False,False,False,True,False,2
-0.9167465220882178,0.7942209861756412,0.9438267066246093,-1.2153584985552384,1.5034562585746853,0.4376959758335273,False,True,False,True,False,False,False,False,2
1.0121259396805056,-0.681155007088826,-0.9911648939969585,-1.2153584985552384,0.6605542261089675,0.4498747462403604,False,True,False,False,False,False,True,False,0
-0.9167465220882178,0.1890824195813322,-1.2330388440746545,-0.5146617568110825,-1.095491674861278,-0.819626749000796,False,True,False,False,False,False,False,True,1
1.6772543747731687,-1.2707442248892704,-0.43831015096222486,-0.16431338593900463,-1.095491674861278,1.142373163540005,False,False,True,True,False,False,False,False,0
-0.31813093050482094,1.5515794935940983,-0.023669093686174612,-0.5146617568110825,1.3629725864970659,0.5660466839544285,True,False,False,True,False,False,False,False,2
0.6130488786249076,-0.11149935296773433,1.462128028219672,0.886731726677229,-1.7979100352493762,-1.295038583798642,False,False,True,False,False,True,False,False,1
-1.3823364266530822,-0.9043992290578818,-0.7838443653589334,0.18603498493307324,-0.25258964239556014,1.0434206539844866,False,True,False,False,True,False,False,False,0
-1.0497722091067505,1.57683257133451,1.012933549503951,-0.8650101276831604,-0.32283147843436993,-0.06927917226869434,True,False,False,False,False,True,False,False,1
1.3446901572268373,-1.6472021430565182,0.8747198637452676,-1.2153584985552384,0.09861953779848899,1.3880798564978614,False,True,False,False,False,False,False,True,3
0.08094613055077704,-1.0237667863401054,0.9783801280642801,0.886731726677229,-0.3930733144731798,-1.5292092747878037,False,True,False,False,True,False,False,False,1
1.1451516266990382,0.035634898589247475,-1.6131264799110339,1.2370800975493068,-1.3062171829777074,1.0255246274700014,False,True,False,False,False,True,False,False,0
-0.5176694610326199,0.7535062439390747,1.669448556857697,0.5363833558051512,-1.446700855055327,-0.9288635535665288,True,False,False,False,False,False,False,True,1
-0.7172079915604188,-1.5176339791407256,-0.7838443653589334,-0.5146617568110825,-1.7979100352493762,0.4066062813783061,False,False,True,False,True,False,False,False,0
0.7460745656434403,-1.0328274971034477,0.46007880646921734,-1.2153584985552384,-0.5335569865507994,1.4887238619432175,False,False,True,True,False,False,False,False,0
-0.8502336785789515,-1.6045291181711003,-1.4749127941523505,-0.16431338593900463,-1.7276681992105665,1.6637598566236456,False,True,False,False,True,False,False,False,0
-0.8502336785789515,1.742585122105198,-0.5765238367209082,1.2370800975493068,0.37958688195372825,0.8834389727236162,False,True,False,False,False,True,False,False,2
-1.1827978961252832,-1.344545175461654,1.4275746067800013,1.2370800975493068,1.643939930652305,-1.5385125021819124,True,False,False,False,True,False,False,False,2
-1.1827978961252832,-0.9363163134242355,0.3564185421502048,-0.8650101276831604,-1.0252498388224682,-0.45375618802885365,True,False,False,False,False,False,True,False,1
0.5465360351156413,-0.8679517893098572,-1.2675922655143252,-1.2153584985552384,1.4332144225358756,-1.3125963111351597,True,False,False,False,False,False,False,True,2
-0.11859239997702194,-1.150441368431476,-0.9566114725572876,1.2370800975493068,0.5903123900701578,-0.3116367033646716,False,True,False,True,False,False,False,False,2
-0.9832593655974842,0.42296566967250593,0.5982924922279007,-0.8650101276831604,0.8712797342253971,-0.7924951549277958,True,False,False,True,False,False,False,False,2
0.2139718175693097,1.1673176729306816,-0.30009646520354144,-0.16431338593900463,-0.32283147843436993,-0.9246686437597307,True,False,False,False,False,False,False,True,1
1.6107415312639024,-1.1989015569657382,1.704001978297368,1.2370800975493068,1.5736980946134953,-1.088608425402822,False,True,False,True,False,False,False,False,3
0.01443328704151071,0.8658006012060442,-0.36920330808288315,0.886731726677229,0.30934504591491846,-1.1902334984642842,True,False,False,True,False,False,False,False,2
-0.05207955646775562,-1.3139725836601834,0.5637390707882299,-0.16431338593900463,1.0117634063030168,-1.0576540506187881,True,False,False,False,True,False,False,False,2
-0.05207955646775562,-1.0844443203552612,-1.336699108393667,-0.5146617568110825,-0.04186413427913066,-1.266925922109536,False,False,True,False,False,False,False,True,2
-1.7149006441994137,1.5437463629986927,-0.4728635724018957,0.18603498493307324,0.09861953779848899,-0.21657463435578053,False,True,False,False,False,False,True,False,2
-1.6483878006901473,-0.3532157336543135,-0.8529512082382751,0.18603498493307324,-0.46331515051198957,-0.362821368991167,True,False,False,False,True,False,False,False,2
-0.9167465220882178,0.3394609901535752,0.1145445920725088,-1.2153584985552384,0.6605542261089675,1.0058356153122878,False,True,False,False,False,False,False,True,0
-0.05207955646775562,-0.6017714895622542,0.7019527565469134,1.5874284684213849,0.5903123900701578,0.6958182486227938,False,False,True,False,True,False,False,False,3
0.280484661078576,-0.41585155031832066,-0.9566114725572876,1.5874284684213849,1.3629725864970659,0.4530547585132555,True,False,False,False,False,False,False,True,2
0.2139718175693097,1.3964367428462914,0.8747198637452676,1.5874284684213849,1.5034562585746853,-0.8752093039408702,False,True,False,True,False,False,False,False,2
0.8791002526619729,0.5942715592981457,0.9092732851849384,-0.8650101276831604,0.7307960621477774,0.44463110898186264,True,False,False,False,False,False,True,False,3
-1.5153621136716147,0.8980391946640003,-1.0257183154366294,0.886731726677229,1.643939930652305,0.9481894353866117,True,False,False,False,False,False,False,True,2
1.6772543747731687,-0.4632595272800657,0.2527582778311922,-0.16431338593900463,0.23910320987610864,-1.3167912209419577,False,False,True,False,True,False,False,False,1
-1.1162850526160168,0.7700785762062199,0.529185649348559,1.5874284684213849,0.8010378981865872,1.421639134952246,False,True,False,False,False,True,False,False,3
0.08094613055077704,1.154165028274217,1.669448556857697,-1.5657068694273162,1.0820052423418265,0.6483210440361452,False,True,False,False,False,False,True,False,3
-1.581874957180881,-1.1690304395459457,-0.8183977867986042,-0.8650101276831604,0.09861953779848899,0.5622239032433949,False,True,False,False,False,True,False,False,0
-1.5153621136716147,0.7675649596718733,-0.7838443653589334,-0.8650101276831604,-1.3764590190165173,-0.3207369512519996,False,False,True,False,False,False,False,True,1
0.280484661078576,0.586379972504267,-1.6476799013507046,0.886731726677229,0.8712797342253971,-1.6124308725678294,True,False,False,True,False,False,False,False,2
-0.2516180869955546,0.5112929855654735,-0.403756729522554,1.2370800975493068,-0.6740406586284191,-0.49100292752308483,False,False,True,False,False,False,True,False,1
-1.7149006441994137,-0.1092195612272805,-1.6822333227903756,0.18603498493307324,1.5736980946134953,-0.4866050382095062,False,False,True,False,False,False,True,False,2
-1.0497722091067505,-1.0229191714622445,-0.403756729522554,-0.16431338593900463,0.23910320987610864,0.33590175318308113,False,False,True,False,False,True,False,False,0
0.4135103480971087,-0.04430395282281952,0.9092732851849384,0.886731726677229,-1.095491674861278,1.595930871441145,False,True,False,False,False,False,False,True,3
-1.6483878006901473,-0.09212112317387677,0.9092732851849384,0.886731726677229,0.1688613738372988,-0.376556315616651,False,True,False,False,False,False,True,False,2
0.6130488786249076,-1.0418589797675533,-1.336699108393667,-0.16431338593900463,0.4498287179925381,-0.1632586839080893,True,False,False,False,False,True,False,False,0
-0.9832593655974842,-0.6499393971041505,1.1857006567023052,-1.2153584985552384,-1.3062171829777074,0.8489662864887191,False,False,True,False,True,False,False,False,1
0.34699750458784234,-0.9292723415082179,-1.544019637031692,0.886731726677229,0.1688613738372988,0.3795085172231027,False,True,False,False,True,False,False,False,0
-1.3823364266530822,-0.631759519378993,-1.5094662155920213,0.18603498493307324,0.9415215702642069,-0.5741230355497202,False,False,True,False,True,False,False,False,2
-0.3846437740140872,0.7902167365802287,-1.4058059512730088,0.5363833558051512,-0.11210597031794048,0.47578846327267726,False,False,True,True,False,False,False,False,0
0.5465360351156413,1.238517322671009,0.8747198637452676,1.5874284684213849,-0.8847661667448485,1.6476568157523885,True,False,False,True,False,False,False,False,3
-1.0497722091067505,0.48139264004644444,0.8056130208659259,-0.5146617568110825,-1.165733510900088,-0.6602878361780637,False,True,False,True,False,False,False,False,1
-1.7149006441994137,1.397664323014228,0.04543774919316709,-0.16431338593900463,1.0820052423418265,1.3492769407849796,True,False,False,False,True,False,False,False,2
1.1451516266990382,0.7271717265269093,-0.8183977867986042,-1.2153584985552384,-0.6740406586284191,-1.0651304624518718,False,True,False,False,True,False,False,False,1
1.2116644702083046,0.8938595764731682,-1.129378579755642,-0.5146617568110825,0.09861953779848899,-0.5905643755989448,True,False,False,False,True,False,False,False,1
0.4135103480971087,-1.097713877408672,-0.9220580511176169,-0.8650101276831604,0.6605542261089675,-1.2555252398120282,True,False,False,False,True,False,False,False,2
0.08094613055077704,-1.6882968505831604,-0.43831015096222486,0.5363833558051512,-1.516942691094137,-1.1784606870710124,False,False,True,False,False,False,True,False,1
1.3446901572268373,1.2794951178007046,1.0474869709436219,-0.16431338593900463,0.23910320987610864,0.043611263419088504,False,True,False,False,False,False,False,True,3
0.8125874091527067,0.06766889535254746,-1.0602717368763002,1.5874284684213849,0.5903123900701578,1.0683871333184942,False,True,False,False,True,False,False,False,0
-0.9167465220882178,-0.7076941211956476,1.462128028219672,1.2370800975493068,1.1522470783806362,1.12823225790096,True,False,False,False,False,True,False,False,3
1.078638783189772,-1.5737519296749738,1.669448556857697,1.5874284684213849,-1.6574263631717565,1.660884313610921,False,True,False,False,True,False,False,False,3
-1.1827978961252832,-1.27948342656101,-0.36920330808288315,1.5874284684213849,-0.6740406586284191,-0.6256121704363864,False,True,False,False,False,True,False,False,2
0.8791002526619729,-0.8711376521266452,0.6328459136675716,-0.5146617568110825,0.1688613738372988,0.26563701391921396,True,False,False,False,False,True,False,False,3
-1.4488492701623485,-0.4523866743640551,-0.7147375224795917,-1.5657068694273162,-0.5335569865507994,0.5729141572671708,False,True,False,False,False,False,True,False,0
-0.18510524348628826,-0.3950411436618703,0.5982924922279007,0.886731726677229,-0.3930733144731798,-1.2462558423357164,False,False,True,False,True,False,False,False,1
1.278177313717571,-1.499395645217095,0.3218651207105339,0.18603498493307324,1.3629725864970659,-1.3578945710650192,False,True,False,False,False,True,False,False,2
-0.8502336785789515,-0.07519805371589258,-1.4058059512730088,-1.2153584985552384,0.9415215702642069,-1.5502514836573873,False,True,False,False,False,False,True,False,2
-1.0497722091067505,1.1944413490222348,-1.6131264799110339,-1.5657068694273162,1.2224889144194462,0.227544526480064,False,False,True,False,True,False,False,False,2
0.5465360351156413,-1.1445372923856854,0.9092732851849384,0.5363833558051512,0.1688613738372988,0.44151875654456096,False,True,False,False,False,True,False,False,3
1.1451516266990382,-0.845212328103792,-1.371252529833338,0.886731726677229,0.02837770175967916,0.8532288561311107,False,True,False,True,False,False,False,False,0
-0.9167465220882178,0.6590702553056603,0.3564185421502048,1.5874284684213849,0.37958688195372825,-0.9420572215072647,True,False,False,False,True,False,False,False,2
-1.6483878006901473,1.2037943407779428,0.9438267066246093,-0.8650101276831604,1.1522470783806362,0.6337065195479453,True,False,False,False,False,False,True,False,2
-0.5841823045418862,0.18691954023782473,-0.5074169938415666,0.18603498493307324,-1.5871845271329468,-1.3197682537080724,False,True,False,False,False,False,True,False,1
1.3446901572268373,1.225890783800803,-0.7492909439192625,-1.5657068694273162,-0.6740406586284191,1.1614532371773767,False,False,True,False,False,False,True,False,0
-1.1162850526160168,-0.23253291190644346,0.4255253850295465,0.18603498493307324,1.3629725864970659,0.28292410191335754,False,True,False,False,False,False,False,True,2
0.2139718175693097,0.7017432801910781,-1.7167867442300464,-1.2153584985552384,-1.165733510900088,0.4257540148512717,False,True,False,False,False,False,True,False,0
0.8791002526619729,1.6569175632427597,-0.30009646520354144,1.2370800975493068,-1.3062171829777074,1.6220813978980395,False,True,False,False,False,False,False,True,0
1.278177313717571,0.780483779534445,-1.336699108393667,-1.2153584985552384,-0.5335569865507994,1.414906981310691,False,True,False,False,False,False,True,False,0
1.1451516266990382,0.807344402732869,1.5657882925386846,-1.2153584985552384,0.02837770175967916,1.1928474008927687,True,False,False,False,False,False,False,True,3
-0.2516180869955546,0.5799790187714543,1.254807499581647,-1.2153584985552384,-0.9550080027836584,1.3529644018248261,False,False,True,False,True,False,False,False,3
-0.18510524348628826,-0.4180436577610647,1.1511472352626344,-1.5657068694273162,1.643939930652305,-1.4609066707561484,False,False,True,True,False,False,False,False,2
0.08094613055077704,-0.7575572584932659,-1.7167867442300464,0.18603498493307324,1.3629725864970659,-0.6571078239051685,False,False,True,True,False,False,False,False,2
-0.7172079915604188,0.125598988039464,1.012933549503951,-0.8650101276831604,1.2224889144194462,-0.4211779771905753,False,False,True,False,False,True,False,False,2
-1.6483878006901473,-0.0852817479525153,0.3564185421502048,-0.16431338593900463,1.1522470783806362,-0.5954020538438811,False,True,False,False,False,False,False,True,2
1.1451516266990382,-1.6311851446748682,-1.129378579755642,0.886731726677229,0.09861953779848899,0.7340460557331311,False,True,False,False,False,True,False,False,0
0.7460745656434403,-1.0356041665309235,-1.6476799013507046,1.5874284684213849,1.1522470783806362,0.9662546114900807,False,False,True,True,False,False,False,False,0
-1.1827978961252832,-0.2530802656697645,0.9438267066246093,1.2370800975493068,-1.516942691094137,0.22010194456477702,True,False,False,True,False,False,False,False,3
0.48002319160637497,-0.5378496365318371,-0.30009646520354144,0.5363833558051512,-1.0252498388224682,-0.036497981923635445,True,False,False,False,False,True,False,False,1
0.5465360351156413,-1.0619679120423253,-1.0948251583159712,-0.16431338593900463,1.643939930652305,1.5873042424029715,False,True,False,False,False,False,True,False,0
-1.3158235831438159,-1.089500781523191,-1.0257183154366294,0.18603498493307324,0.30934504591491846,-0.8684433203815184,False,True,False,False,False,False,False,True,2
-0.8502336785789515,1.03602505115993,-0.887504629677946,-1.2153584985552384,0.8712797342253971,-0.46238281706702705,True,False,False,False,False,True,False,False,2
-1.6483878006901473,-1.2486185537671737,1.462128028219672,0.18603498493307324,1.1522470783806362,-0.26846972825600784,False,False,True,False,False,False,False,True,3
0.14745897406004335,-0.3062461781811173,1.1165938138229636,0.5363833558051512,0.09861953779848899,-0.7516962740649051,True,False,False,False,False,False,False,True,3
0.8125874091527067,-1.3289958266677895,0.18365143495185052,-1.2153584985552384,-0.8145243307060387,1.1449442372925585,False,False,True,False,True,False,False,False,0
1.4112030007361036,-0.2284117499140846,-1.6822333227903756,0.886731726677229,0.23910320987610864,-0.0018561460997547964,False,False,True,False,False,False,False,True,0
0.6130488786249076,1.720196398089972,-1.4058059512730088,-1.2153584985552384,0.8010378981865872,1.2650742753888475,False,True,False,False,False,False,True,False,0
-1.4488492701623485,0.8867571483586775,-0.64563067960025,1.2370800975493068,-1.2359753469388977,1.105532383059335,False,True,False,False,True,False,False,False,0
-0.31813093050482094,-0.48266698517315987,-0.30009646520354144,-0.16431338593900463,0.5903123900701578,-1.0004814895422665,False,False,True,True,False,False,False,False,2
0.2139718175693097,-0.7094185790506062,0.8056130208659259,-0.16431338593900463,-0.32283147843436993,-0.1806472616556231,False,False,True,False,False,True,False,False,3
0.08094613055077704,-0.0039399477770920895,-0.9911648939969585,1.5874284684213849,-0.1823478063567503,-0.8075494683473533,True,False,False,False,True,False,False,False,2
-0.9167465220882178,-1.3242901026906988,0.3564185421502048,-1.5657068694273162,0.02837770175967916,0.41286481617070653,False,True,False,False,False,False,False,True,0
0.8791002526619729,-0.9339488373860719,0.49463222790888817,1.5874284684213849,1.1522470783806362,0.6579287406904246,False,False,True,False,False,True,False,False,3
-0.7172079915604188,-1.4597331145530457,0.7019527565469134,0.886731726677229,-0.32283147843436993,-0.9087347524774577,False,True,False,False,False,False,True,False,3
-1.2493107396345495,-1.0500428475537977,0.9092732851849384,-0.16431338593900463,-0.9550080027836584,-1.2859721658291108,True,False,False,True,False,False,False,False,1
1.1451516266990382,0.23114165438278172,0.529185649348559,-1.5657068694273162,0.37958688195372825,0.6176711385122818,False,True,False,False,False,False,False,True,0
1.0121259396805056,0.2705119040544652,1.3239143424609887,0.18603498493307324,-1.6574263631717565,-0.587316703490456,True,False,False,False,False,False,True,False,1
-1.7149006441994137,1.5191070753422495,-0.43831015096222486,0.886731726677229,-1.3764590190165173,-0.16890828018014784,False,False,True,False,False,False,False,True,1
1.278177313717571,1.0224047569156802,-0.8529512082382751,-1.5657068694273162,-0.04186413427913066,-0.3580513505818242,True,False,False,False,False,False,True,False,1
0.4135103480971087,0.4507031358480275,0.2527582778311922,-1.2153584985552384,-1.6574263631717565,0.6595864066624658,False,True,False,False,True,False,False,False,1
-0.7172079915604188,-1.2588191604007426,-1.371252529833338,-0.5146617568110825,1.0820052423418265,1.6847005757398392,True,False,False,False,True,False,False,False,0
0.2139718175693097,0.10560696816163812,-1.1639320011953127,0.5363833558051512,-1.3062171829777074,1.7077387497594316,False,True,False,False,False,False,True,False,0
0.2139718175693097,-0.05406613796783977,0.1145445920725088,-0.8650101276831604,1.5736980946134953,0.6294439499055539,False,True,False,False,False,False,True,False,0
1.6107415312639024,-1.2832246232632933,-1.6476799013507046,-1.5657068694273162,0.6605542261089675,0.85042097295398,False,False,True,False,False,False,False,True,0
-1.2493107396345495,0.5419240335654173,-0.8183977867986042,-1.5657068694273162,0.37958688195372825,0.5292397333915554,False,True,False,True,False,False,False,False,0
-0.5841823045418862,0.7708385067863711,-0.36920330808288315,-0.8650101276831604,-0.8145243307060387,-0.5372145952334567,False,False,True,False,False,False,False,True,1
1.1451516266990382,-0.5468518910967062,-0.6110772581605791,0.886731726677229,-1.7979100352493762,-1.1060984929037463,False,False,True,False,False,False,False,True,1
0.48002319160637497,0.5416609806722881,1.5657882925386846,-0.8650101276831604,1.0820052423418265,1.6908914506966457,False,True,False,False,False,True,False,False,3
1.3446901572268373,1.1470333720604897,0.7365061779865841,-1.2153584985552384,-1.095491674861278,-1.0155019730440271,False,True,False,False,False,True,False,False,1
1.0121259396805056,-0.8723067760961087,-0.1273293580051872,0.18603498493307324,-1.446700855055327,-0.8331587161194993,True,False,False,False,False,True,False,False,1
0.48002319160637497,0.2677060065277528,-1.6476799013507046,0.5363833558051512,0.23910320987610864,-1.1728449207167504,True,False,False,False,False,False,False,True,2
0.34699750458784234,-0.5447182398524353,1.4275746067800013,1.5874284684213849,-0.11210597031794048,0.10294893923460265,False,True,False,False,False,True,False,False,3
-1.3158235831438159,-0.5941721837607414,-1.544019637031692,-1.5657068694273162,0.09861953779848899,-0.1591652638546814,False,True,False,True,False,False,False,False,0
-0.7172079915604188,1.1340853240986815,-0.2655430437638706,-1.5657068694273162,0.9415215702642069,0.9917961994266332,False,True,False,False,False,True,False,False,0
0.14745897406004335,0.09774460946699606,-0.5419704152812375,0.886731726677229,1.5736980946134953,0.1518331704509187,False,False,True,False,True,False,False,False,2
-0.5841823045418862,-0.14479015799820757,-0.8183977867986042,0.5363833558051512,0.9415215702642069,0.26296445041327016,False,True,False,False,True,False,False,False,2
-1.1162850526160168,-0.3068891963643222,-0.023669093686174612,-0.16431338593900463,-0.6740406586284191,-1.2696999753688698,True,False,False,False,False,False,True,False,1
0.6130488786249076,-0.3407645633795272,0.771059599426255,0.18603498493307324,0.5903123900701578,0.7079293591940335,False,False,True,False,False,False,True,False,3
-1.6483878006901473,-0.5903140746615119,-1.4403593727126796,1.5874284684213849,0.09861953779848899,1.2592216996100087,False,True,False,False,False,False,False,True,0
0.8125874091527067,1.6521826111664326,-1.6822333227903756,1.5874284684213849,0.37958688195372825,1.208442992997074,False,False,True,False,False,False,True,False,0
0.6130488786249076,-0.8772755529663286,1.254807499581647,0.886731726677229,-0.25258964239556014,-0.2807838183340279,True,False,False,False,False,False,True,False,3
0.4135103480971087,1.6107956226474247,0.7019527565469134,1.2370800975493068,0.09861953779848899,-0.4048042969769443,False,False,True,False,False,True,False,False,3
-0.45115661752335356,0.7959746721298364,1.254807499581647,-1.2153584985552384,1.643939930652305,0.5211543830381302,True,False,False,False,False,True,False,False,3
1.6772543747731687,1.1967211407626885,-0.64563067960025,-0.8650101276831604,-1.446700855055327,-1.5228830801598099,False,True,False,False,False,False,True,False,1
0.14745897406004335,-0.8712545645235915,-1.6822333227903756,1.2370800975493068,-0.32283147843436993,-0.885290619444304,False,False,True,False,False,False,True,False,2
0.5465360351156413,-0.4319270048984438,0.6328459136675716,1.5874284684213849,-0.5335569865507994,-0.5765587896310868,False,False,True,False,False,False,False,True,3
-0.18510524348628826,-1.4892827228812358,0.7365061779865841,-0.8650101276831604,-0.1823478063567503,1.3704882992435472,False,False,True,False,False,True,False,False,3
-1.1827978961252832,-1.5666202734612464,-0.6801841010399209,0.5363833558051512,-1.2359753469388977,0.5935504071231931,True,False,False,False,False,True,False,False,0
1.6772543747731687,-0.10033421905935788,0.1145445920725088,0.18603498493307324,-0.1823478063567503,1.1986999766716075,False,True,False,False,False,False,False,True,0
-0.3846437740140872,-0.21210247054006875,0.21820485639152137,-0.16431338593900463,-1.6574263631717565,-0.6453350125118967,True,False,False,False,False,False,True,False,1
-0.9167465220882178,0.9603535022364049,-1.1984854226349837,-1.5657068694273162,-1.7276681992105665,-1.2505184119781079,True,False,False,False,True,False,False,False,1
0.280484661078576,0.6808451892369181,-0.33464988664321227,1.2370800975493068,-0.6740406586284191,-1.2725416884637977,False,True,False,False,False,True,False,False,1
1.2116644702083046,0.01385996465798974,0.2527582778311922,0.18603498493307324,-0.1823478063567503,1.4508343540108484,False,False,True,False,False,False,False,True,0
-0.6506951480511526,-1.320665818385362,0.7365061779865841,0.5363833558051512,-0.9550080027836584,-0.7356947229470384,False,True,False,False,True,False,False,False,1
-0.45115661752335356,0.71457441575594,-0.6110772581605791,0.886731726677229,0.9415215702642069,-0.2309861793371996,False,True,False,False,False,False,True,False,2
-1.0497722091067505,1.4005286767394136,-1.1639320011953127,-0.16431338593900463,-0.6740406586284191,0.9241701937509131,False,True,False,False,False,False,True,False,0
-0.05207955646775562,-0.34167063445586143,-0.8529512082382751,-1.5657068694273162,0.4498287179925381,1.1642611203545077,True,False,False,False,False,False,True,False,0
1.6772543747731687,-0.1910582390897257,-0.9911648939969585,-1.5657068694273162,-1.6574263631717565,1.1733951981596327,False,False,True,False,False,False,True,False,0
-0.05207955646775562,-0.08808764547922769,0.7019527565469134,0.5363833558051512,1.5736980946134953,0.4496379368157829,True,False,False,False,False,False,False,True,3
-0.3846437740140872,0.3685721769932164,1.6348951354180263,0.886731726677229,0.5903123900701578,0.831070259974234,False,True,False,True,False,False,False,False,3
-0.18510524348628826,-0.5949028862416561,0.8401664423055967,-1.2153584985552384,0.4498287179925381,0.20636699793929328,True,False,False,False,False,True,False,False,3
-0.9167465220882178,-1.356528696148655,-0.7492909439192625,-0.8650101276831604,-1.6574263631717565,0.14943124628734872,False,False,True,False,False,False,True,False,0
1.6772543747731687,0.5298528285807067,-1.6131264799110339,0.5363833558051512,-1.2359753469388977,-0.16620188675640712,True,False,False,False,False,True,False,False,0
0.8791002526619729,0.3047672363597458,1.012933549503951,-0.8650101276831604,0.4498287179925381,1.4974181508169846,False,True,False,False,True,False,False,False,3
-0.05207955646775562,0.06389847055102765,-1.4403593727126796,-0.16431338593900463,-0.1823478063567503,0.1316028796084571,False,True,False,False,False,False,False,True,0
0.9456130961712392,-0.5768691490126816,1.5657882925386846,0.18603498493307324,0.30934504591491846,0.7825243279358857,True,False,False,False,False,True,False,False,3
-0.2516180869955546,1.095913426495698,0.46007880646921734,0.18603498493307324,-0.8145243307060387,0.3098865463973741,False,True,False,True,False,False,False,False,1
-0.7172079915604188,0.2459603006957316,-0.9566114725572876,0.18603498493307324,-1.0252498388224682,-0.40209790355320363,True,False,False,False,False,False,False,True,1
0.4135103480971087,1.7851704626929061,-0.7838443653589334,-1.2153584985552384,0.8712797342253971,1.1738688170087872,False,False,True,False,False,False,True,False,0
-0.05207955646775562,1.5238712555178133,0.3909719635898756,1.5874284684213849,-0.6037988225896093,-1.3999789888041867,False,True,False,False,False,False,True,False,1
0.08094613055077704,-0.9027332274013964,-0.7147375224795917,-0.16431338593900463,-0.8145243307060387,1.710918762032327,True,False,False,False,True,False,False,False,0
1.078638783189772,-0.7928063461725905,1.6003417139783556,0.886731726677229,-1.2359753469388977,1.0199426910335365,False,False,True,False,True,False,False,False,3
-1.4488492701623485,1.3532668402738517,-0.1273293580051872,-1.5657068694273162,1.5736980946134953,-0.6746655512416861,False,True,False,False,False,True,False,False,2
1.078638783189772,0.6805236801453156,-0.6801841010399209,-1.5657068694273162,-0.8847661667448485,-1.2524805472103198,False,False,True,True,False,False,False,False,1
0.8125874091527067,-0.06894324047926284,1.254807499581647,0.5363833558051512,-1.3062171829777074,-0.677913223350175,True,False,False,False,False,False,False,True,1
0.280484661078576,1.1076631223888063,-1.0948251583159712,-1.5657068694273162,-0.6037988225896093,-0.613230420522773,True,False,False,True,False,False,False,False,1
0.48002319160637497,-0.845709205790814,-0.887504629677946,-0.16431338593900463,-0.32283147843436993,1.1998840237944943,False,False,True,False,False,True,False,False,0
1.3446901572268373,-0.741744856806272,1.2893609210213177,-1.5657068694273162,-0.7442824946672288,-0.546010373860614,True,False,False,False,False,True,False,False,1
-1.4488492701623485,0.9394846393814814,0.8401664423055967,-1.5657068694273162,-1.5871845271329468,-0.12259512271638556,False,False,True,True,False,False,False,False,1
-1.1162850526160168,-1.4001954764081168,1.1511472352626344,0.18603498493307324,-0.8145243307060387,-0.7563986326386546,True,False,False,False,False,True,False,False,1
-1.7149006441994137,-1.7068859216976302,-0.5419704152812375,-1.2153584985552384,-1.446700855055327,0.8353328296166256,False,True,False,False,False,False,False,True,0
0.08094613055077704,1.3774092502432729,0.5637390707882299,-1.2153584985552384,1.3629725864970659,0.10761746789055529,False,False,True,False,False,True,False,False,2
-1.6483878006901473,0.06021573004721762,0.8401664423055967,1.5874284684213849,-0.25258964239556014,1.2648374659642705,True,False,False,False,False,False,True,False,3
1.5442286877546363,0.7882584539313773,0.18365143495185052,-0.5146617568110825,-1.446700855055327,-1.1522763306963215,False,True,False,True,False,False,False,False,1
-1.4488492701623485,-0.752588481623046,-1.6822333227903756,1.5874284684213849,-0.32283147843436993,-0.07777048163568066,False,True,False,False,True,False,False,False,2
-1.4488492701623485,-1.216906066095476,-1.6476799013507046,0.5363833558051512,1.3629725864970659,0.829141954659819,False,True,False,False,True,False,False,False,2
-1.5153621136716147,1.6772018641129516,-1.6476799013507046,-0.5146617568110825,-0.11210597031794048,0.6244371220716335,False,False,True,False,False,False,True,False,0
-1.581874957180881,-0.25141426401327904,0.46007880646921734,0.5363833558051512,1.3629725864970659,-1.2261608711644418,False,True,False,True,False,False,False,False,2
-0.11859239997702194,-0.32761191872306283,0.771059599426255,1.5874284684213849,1.1522470783806362,0.9990358018351395,False,False,True,False,False,True,False,False,3
-0.18510524348628826,0.11311858966544111,-0.7838443653589334,1.5874284684213849,1.5034562585746853,0.3471332858916051,False,True,False,False,True,False,False,False,2
0.8791002526619729,0.5299405128784164,-0.8529512082382751,-1.5657068694273162,-0.6740406586284191,0.401328814202012,False,False,True,False,False,True,False,False,0
-1.4488492701623485,-1.181773890813098,0.21820485639152137,-1.2153584985552384,-0.1823478063567503,0.6450395420098595,False,True,False,False,True,False,False,False,0
1.6107415312639024,-1.5601608635299604,0.7365061779865841,0.18603498493307324,0.4498287179925381,1.6627111291719463,False,False,True,False,False,False,False,True,3
0.48002319160637497,-0.14712840593713458,1.1165938138229636,-1.5657068694273162,-0.5335569865507994,-1.5611447171879436,False,False,True,True,False,False,False,False,1
0.34699750458784234,-0.7928063461725905,-0.1273293580051872,-0.16431338593900463,-0.7442824946672288,-0.849464736497537,True,False,False,False,False,False,True,False,1
0.8791002526619729,0.693033306618575,-1.544019637031692,0.18603498493307324,1.2224889144194462,-0.6079529533464786,False,False,True,False,False,False,True,False,2
0.8791002526619729,1.1685452530986182,1.2202540781419762,1.5874284684213849,0.9415215702642069,0.7943309692469543,True,False,False,False,False,False,True,False,3
1.278177313717571,-1.6062243479268226,-1.129378579755642,1.2370800975493068,0.30934504591491846,-1.0167536800025072,False,True,False,False,False,False,False,True,2
-0.11859239997702194,1.1412169803124088,0.1145445920725088,-1.5657068694273162,0.30934504591491846,-0.0258077278998597,True,False,False,True,False,False,False,False,1
-0.5841823045418862,0.9509712823814603,0.6673993351072425,-1.5657068694273162,0.09861953779848899,-0.6369113629805039,False,True,False,False,False,True,False,False,1
-1.2493107396345495,-0.3476623947993619,1.669448556857697,1.5874284684213849,0.37958688195372825,-0.06748618662546624,True,False,False,False,False,False,True,False,3
1.078638783189772,0.9263612228242536,0.5982924922279007,1.2370800975493068,-0.04186413427913066,0.36489399273490325,False,False,True,False,False,False,False,True,3
0.48002319160637497,1.1530251324039902,-0.8183977867986042,-0.8650101276831604,1.292730750458256,-0.26924781636533335,True,False,False,False,False,False,True,False,2
0.08094613055077704,-1.0771957517445876,0.3564185421502048,-0.16431338593900463,1.0117634063030168,-0.8320084989144095,True,False,False,False,False,False,True,False,2
0.48002319160637497,-0.21938026724997906,0.5982924922279007,-1.5657068694273162,-0.6037988225896093,1.2557372180769424,False,True,False,False,False,False,False,True,0
1.0121259396805056,0.25879143626059353,0.4255253850295465,-1.2153584985552384,-0.32283147843436993,-0.5519982693106401,False,False,True,False,False,True,False,False,1
0.2139718175693097,1.3083432517472164,1.462128028219672,-1.2153584985552384,-0.3930733144731798,-1.6283647638501026,True,False,False,False,False,True,False,False,1
1.1451516266990382,-1.138253251049819,-0.9911648939969585,0.18603498493307324,-1.0252498388224682,0.6284967122072447,False,True,False,True,False,False,False,False,0
1.2116644702083046,0.2749838032376631,1.704001978297368,-1.5657068694273162,-1.516942691094137,-0.17834682724544348,False,False,True,False,False,False,True,False,1
0.4135103480971087,-0.8419387809892942,0.6673993351072425,-0.16431338593900463,-1.446700855055327,-0.8469613225805768,True,False,False,True,False,False,False,False,1
0.9456130961712392,1.7894085370822113,0.6673993351072425,1.2370800975493068,-0.25258964239556014,-0.3983766125955603,False,False,True,False,True,False,False,False,1
-1.1827978961252832,0.7316143976108707,0.6673993351072425,0.5363833558051512,0.09861953779848899,0.6337741793835392,False,False,True,False,False,False,False,True,3
1.078638783189772,0.3034227437948628,-0.43831015096222486,-1.2153584985552384,0.09861953779848899,1.514874388400112,False,True,False,False,False,True,False,False,0
-0.9832593655974842,1.7967155618913582,-1.6822333227903756,-1.2153584985552384,-0.5335569865507994,-0.18690579644802327,False,True,False,False,False,True,False,False,1
-0.7172079915604188,1.6884546823190378,1.4275746067800013,0.18603498493307324,-1.165733510900088,-0.018568125491353445,False,False,True,False,False,False,False,True,1
1.078638783189772,-0.451334462791538,0.9092732851849384,-0.8650101276831604,0.30934504591491846,0.3004141694142815,False,False,True,True,False,False,False,False,3
-1.4488492701623485,-0.017297189128212608,-1.0948251583159712,0.5363833558051512,0.8712797342253971,-1.5961925120253855,False,False,True,False,False,False,False,True,2
1.47771584424537,-1.3903456069653868,-1.578573058471363,-1.5657068694273162,1.5034562585746853,0.18170498786545614,False,False,True,False,False,False,False,True,0
-1.3158235831438159,-0.8107231710046187,1.4275746067800013,-0.16431338593900463,0.1688613738372988,-0.5806860396022914,True,False,False,False,False,False,True,False,3
1.278177313717571,0.9058138690609325,-0.887504629677946,0.886731726677229,0.9415215702642069,0.8990345648279218,False,False,True,False,False,False,False,True,0
-1.1162850526160168,1.1731925208772356,-1.6476799013507046,-0.16431338593900463,-1.7276681992105665,-1.1902334984642842,False,True,False,False,False,False,True,False,1
0.6130488786249076,1.4265124569607401,-0.5765238367209082,-1.5657068694273162,-0.04186413427913066,1.5554026299206285,False,True,False,False,False,False,False,True,0
-0.7837208350696852,-0.1987452291889482,1.5657882925386846,1.2370800975493068,1.5736980946134953,-1.4035987900084397,False,True,False,False,True,False,False,False,2
1.3446901572268373,-0.18591409362408629,0.21820485639152137,-0.8650101276831604,-1.3764590190165173,-1.3341797986894917,False,False,True,False,False,False,True,False,1
0.280484661078576,1.343387742731885,-0.64563067960025,-1.2153584985552384,-1.3764590190165173,0.14462739796020918,False,True,False,False,True,False,False,False,1
0.5465360351156413,-1.3724580102325952,-1.7167867442300464,1.5874284684213849,1.3629725864970659,0.7719017337477035,True,False,False,False,False,False,True,False,0
0.8791002526619729,1.371943595686031,-0.16188277944485802,0.886731726677229,-1.6574263631717565,-0.16877296050896093,True,False,False,False,False,False,True,False,1
0.7460745656434403,-0.4766459967304228,-0.403756729522554,-1.2153584985552384,-1.446700855055327,-0.9638436885683771,True,False,False,False,False,False,True,False,1
-0.7172079915604188,0.534003218672302,-0.9566114725572876,0.5363833558051512,-1.6574263631717565,0.3973368839019943,False,False,True,False,False,False,False,True,0
1.3446901572268373,0.9953979932210734,1.254807499581647,-1.2153584985552384,-1.516942691094137,-0.49986636598583556,True,False,False,False,False,True,False,False,1
1.3446901572268373,1.4952277182659575,0.9092732851849384,0.18603498493307324,-0.04186413427913066,-1.4221375849610634,False,True,False,False,False,False,False,True,1
-1.2493107396345495,1.2305965077778935,1.704001978297368,-0.5146617568110825,1.0117634063030168,-0.46312707525855584,False,True,False,False,True,False,False,False,2
1.2116644702083046,0.7367000868780369,-1.0948251583159712,-1.5657068694273162,-0.9550080027836584,-0.21877357901256977,False,False,True,False,False,False,True,False,1
1.0121259396805056,1.551024159708603,-0.8183977867986042,0.886731726677229,0.23910320987610864,-1.34097961216664,False,False,True,False,False,False,False,True,2
-1.1162850526160168,0.03265363246711554,-0.05822251512584547,0.886731726677229,-1.0252498388224682,1.1458238151552742,True,False,False,False,False,True,False,False,0
0.7460745656434403,-1.2550195074999864,0.5982924922279007,-0.8650101276831604,0.23910320987610864,0.46005755149718464,False,False,True,False,False,True,False,False,3
1.47771584424537,-0.9746635796226384,1.462128028219672,-0.8650101276831604,-0.5335569865507994,0.6513319067200566,True,False,False,False,True,False,False,False,3
0.679561722134174,-0.5502131225089137,-1.4403593727126796,0.5363833558051512,0.23910320987610864,1.48963726972373,False,True,False,True,False,False,False,False,0
-0.3846437740140872,-1.2553410165915888,1.704001978297368,1.5874284684213849,-0.32283147843436993,-1.3285640323352297,False,True,False,False,True,False,False,False,3
0.7460745656434403,0.6083302750309443,0.7365061779865841,1.5874284684213849,1.4332144225358756,-0.18057960182002944,False,True,False,False,True,False,False,False,3
-1.7149006441994137,-0.55529881177608,1.1165938138229636,0.18603498493307324,0.37958688195372825,-0.8644175601637041,False,False,True,False,False,False,False,True,2
-1.1827978961252832,1.242755397060314,-0.9566114725572876,0.5363833558051512,-0.32283147843436993,1.1926105914681913,False,True,False,False,False,True,False,False,0
0.34699750458784234,-1.6945808919190268,1.1165938138229636,-0.5146617568110825,0.8010378981865872,0.24401969644708538,False,False,True,False,True,False,False,False,3
-0.5176694610326199,-1.2580592298205915,0.8056130208659259,0.18603498493307324,-0.5335569865507994,-1.2081295249787698,True,False,False,False,False,True,False,False,1
-1.0497722091067505,-0.9175811018135829,1.0820403923832926,-0.16431338593900463,-1.7276681992105665,-0.7482456224496357,False,False,True,False,False,False,True,False,1
1.078638783189772,-1.28445220343123,1.1511472352626344,0.5363833558051512,0.09861953779848899,0.6294777798233505,False,False,True,False,True,False,False,False,3
1.47771584424537,0.9918613932134464,0.771059599426255,0.5363833558051512,1.4332144225358756,0.5895584768231757,False,True,False,False,False,False,True,False,3
0.9456130961712392,0.48682906650444974,0.01088432775349624,-0.8650101276831604,0.02837770175967916,-0.5005429643417707,False,True,False,True,False,False,False,False,1
1.6107415312639024,0.5612145790615651,0.771059599426255,-0.5146617568110825,-1.7276681992105665,-1.2054231315550288,False,True,False,False,False,False,False,True,1
-1.581874957180881,0.00810202910838199,0.18365143495185052,-1.2153584985552384,0.09861953779848899,-0.8505472938670331,False,True,False,False,False,True,False,False,2
0.6130488786249076,-1.6356570438580662,-0.9911648939969585,0.18603498493307324,1.0820052423418265,0.1478750700686977,False,False,True,False,False,False,True,False,0
-0.31813093050482094,-1.0349611483477186,-0.33464988664321227,1.2370800975493068,-1.6574263631717565,-1.6234932556873694,True,False,False,False,False,True,False,False,1
0.14745897406004335,-1.2314616595152967,-1.371252529833338,0.5363833558051512,-0.6740406586284191,1.2743775027829563,False,False,True,False,False,False,True,False,0
-1.0497722091067505,1.3471581675334048,-0.2655430437638706,1.5874284684213849,-0.11210597031794048,0.21885023760629693,False,True,False,True,False,False,False,False,2
-0.5841823045418862,-1.1613142213474865,-0.2655430437638706,-1.2153584985552384,-1.516942691094137,0.8606037782108042,False,True,False,False,True,False,False,False,0
-0.11859239997702194,1.156357135716961,-1.4749127941523505,0.886731726677229,1.2224889144194462,-0.5948946050769298,False,False,True,False,False,True,False,False,2
1.0121259396805056,-1.1741453569123486,-1.544019637031692,0.886731726677229,-0.04186413427913066,-1.5412527255234498,False,True,False,False,False,False,True,False,2
-0.8502336785789515,-1.6815451596595086,-0.64563067960025,1.2370800975493068,-1.095491674861278,0.23721988296993696,False,False,True,False,False,False,False,True,0
-1.7149006441994137,0.859078138381629,1.1511472352626344,-0.8650101276831604,-0.1823478063567503,-0.2675224905576987,False,True,False,False,True,False,False,False,1
0.2139718175693097,1.4512102008156564,0.07999117063283795,-1.2153584985552384,0.8010378981865872,-1.2289349244237762,False,True,False,False,False,True,False,False,2
0.280484661078576,1.201017671350467,-1.6822333227903756,-0.8650101276831604,-0.04186413427913066,0.8664225240718467,False,False,True,True,False,False,False,False,0
0.48002319160637497,1.7619633518990556,-1.1639320011953127,-1.5657068694273162,1.643939930652305,-0.6412077625406921,False,True,False,False,False,False,True,False,2
-0.05207955646775562,-1.3532551490341571,0.8747198637452676,-1.5657068694273162,1.643939930652305,-1.30539053864445,True,False,False,False,False,False,True,False,2
1.3446901572268373,-0.6723281211193766,-0.9566114725572876,-0.16431338593900463,-0.1823478063567503,-0.475001376405218,False,False,True,True,False,False,False,False,0
-0.45115661752335356,-0.5345176332188661,1.1511472352626344,-0.8650101276831604,0.7307960621477774,0.99183002934443,False,True,False,False,False,False,True,False,3
0.8125874091527067,-1.0745652228132947,-1.6476799013507046,1.2370800975493068,-0.11210597031794048,0.5874948518375734,True,False,False,False,False,False,True,False,0
0.679561722134174,-1.6015478520489685,0.46007880646921734,1.2370800975493068,-1.7979100352493762,-0.4073753707294979,False,True,False,True,False,False,False,False,1
-0.5176694610326199,-1.6196400454764162,0.6328459136675716,0.5363833558051512,-0.3930733144731798,0.5394225386483796,False,True,False,False,False,False,False,True,3
0.679561722134174,1.507591204243034,1.704001978297368,-1.5657068694273162,-0.11210597031794048,-1.5623964241464237,True,False,False,False,True,False,False,False,1
0.2139718175693097,-1.504861299774337,0.8747198637452676,-0.16431338593900463,0.5200705540313479,1.3120302012907483,False,False,True,False,True,False,False,False,3
1.4112030007361036,-1.3363613076754095,1.0474869709436219,-0.16431338593900463,0.8010378981865872,0.3469979662204178,False,True,False,True,False,False,False,False,3
1.0121259396805056,1.7956341222196044,1.012933549503951,0.5363833558051512,0.7307960621477774,-0.29008704572813643,False,True,False,False,False,True,False,False,3
1.078638783189772,0.6720183032674686,-0.36920330808288315,1.5874284684213849,-1.3062171829777074,-1.021692848000834,False,False,True,False,False,True,False,False,1
-1.5153621136716147,0.8481760573663818,-0.5765238367209082,-0.8650101276831604,0.37958688195372825,-0.7962502758032358,False,False,True,False,False,False,False,True,2
1.2116644702083046,1.1739816795566234,-0.4728635724018957,-0.16431338593900463,-0.6740406586284191,-1.1560652814895584,False,False,True,False,False,False,False,True,1
0.08094613055077704,0.7566921067558627,-0.43831015096222486,-0.8650101276831604,-1.2359753469388977,0.5781577945256682,False,False,True,False,False,True,False,False,0
-0.18510524348628826,1.344089217113563,-1.5094662155920213,1.5874284684213849,1.643939930652305,0.21567022533340185,False,False,True,False,True,False,False,False,2
-0.9832593655974842,-1.2666522909961482,0.1145445920725088,0.886731726677229,1.292730750458256,1.4319234299624604,True,False,False,False,False,True,False,False,3
0.48002319160637497,0.4772714780540856,-0.2655430437638706,1.2370800975493068,0.6605542261089675,0.34361497444074196,False,True,False,False,False,False,False,True,3
0.01443328704151071,1.0323715387553567,-1.0602717368763002,-0.5146617568110825,-1.3062171829777074,-0.9560289775573259,False,True,False,False,True,False,False,False,1
-0.9167465220882178,-1.1059854294926263,1.3239143424609887,1.2370800975493068,-0.32283147843436993,0.46692502480992654,False,True,False,False,False,False,False,True,3
1.078638783189772,-1.1603204659734425,0.5982924922279007,-1.5657068694273162,0.9415215702642069,-0.661674862807731,False,False,True,False,False,True,False,False,3
1.078638783189772,-0.9373977530959893,0.6328459136675716,1.2370800975493068,0.37958688195372825,1.3619969898765607,True,False,False,False,False,True,False,False,3
-1.1827978961252832,-1.3846753557134888,-0.4728635724018957,1.2370800975493068,1.2224889144194462,-1.325147210637757,True,False,False,True,False,False,False,False,2
-0.3846437740140872,0.30844997686355585,0.2873116992708631,0.18603498493307324,-1.5871845271329468,-1.0762266754892087,True,False,False,False,False,True,False,False,1
1.1451516266990382,-1.1151045964544417,0.8747198637452676,1.2370800975493068,1.0820052423418265,1.5736031256952845,True,False,False,True,False,False,False,False,3
-1.3823364266530822,-0.8094079065389722,1.5657882925386846,-1.2153584985552384,-1.0252498388224682,-0.8840389124858239,True,False,False,False,False,False,True,False,1
1.078638783189772,0.2933390495582401,0.7019527565469134,1.2370800975493068,1.292730750458256,0.7893241414130341,False,True,False,False,False,True,False,False,3
1.47771584424537,-0.45642015205870423,-1.7167867442300464,1.2370800975493068,0.4498287179925381,0.5484889566179111,True,False,False,False,False,True,False,False,0
-1.1827978961252832,0.6056120618019416,1.3930211853403305,-1.2153584985552384,1.2224889144194462,0.5673322208307053,False,False,True,False,False,False,False,True,3
0.34699750458784234,0.16710288895541836,-1.6131264799110339,1.5874284684213849,-1.516942691094137,-0.6934749855366839,False,False,True,False,True,False,False,False,1
0.9456130961712392,1.3265815856708472,1.4275746067800013,1.5874284684213849,-0.8847661667448485,0.45992223182599734,False,False,True,False,False,False,True,False,3
0.14745897406004335,-0.617876172241614,1.012933549503951,0.18603498493307324,-0.11210597031794048,-0.4812937411154151,True,False,False,False,False,False,False,True,3
-1.3823364266530822,-0.4012375007000269,-1.1984854226349837,-1.2153584985552384,1.0820052423418265,0.4523105003217267,True,False,False,False,False,True,False,False,2
1.1451516266990382,-1.4699337211866146,0.9783801280642801,0.886731726677229,0.9415215702642069,0.784452633250301,False,False,True,False,False,False,False,True,3
1.6107415312639024,-1.4038197607134537,-0.7838443653589334,-0.8650101276831604,0.4498287179925381,-1.5272809694733884,True,False,False,False,False,True,False,False,1
0.9456130961712392,-1.0693918492484187,-1.2675922655143252,-0.5146617568110825,-0.3930733144731798,0.8162527559792538,True,False,False,False,False,False,True,False,0
-0.18510524348628826,0.9292548046486757,0.9783801280642801,-0.16431338593900463,1.2224889144194462,1.5212682428636992,False,True,False,True,False,False,False,False,3
-0.05207955646775562,1.2317948598465938,-0.5765238367209082,1.5874284684213849,-1.516942691094137,1.1547549134536188,False,True,False,False,False,True,False,False,0
0.280484661078576,-0.3911538064634042,1.1511472352626344,0.18603498493307324,1.0117634063030168,0.7409473589636697,False,False,True,False,True,False,False,False,3
0.34699750458784234,-0.2617317830437944,-0.8529512082382751,-0.16431338593900463,-1.0252498388224682,1.4999553946517414,True,False,False,False,False,False,True,False,0
-0.9167465220882178,-0.981210673851634,-1.336699108393667,1.2370800975493068,-0.9550080027836584,0.7866515779070903,False,True,False,False,True,False,False,False,0
-0.45115661752335356,0.3452773819016562,0.7019527565469134,-0.16431338593900463,-0.5335569865507994,0.6779222221083088,False,True,False,False,False,True,False,False,3
0.08094613055077704,0.08418277142121942,-0.09277593656551632,0.886731726677229,-0.7442824946672288,-0.8092747941549879,True,False,False,False,False,False,False,True,1
1.47771584424537,-0.42222327595189674,1.704001978297368,0.18603498493307324,-0.6740406586284191,-0.587452023161643,True,False,False,False,False,False,False,True,3
0.08094613055077704,1.3604569526860522,-1.371252529833338,1.2370800975493068,1.0820052423418265,-0.23484278996603,True,False,False,True,False,False,False,False,2
-0.9167465220882178,0.8438795267786035,-0.64563067960025,-1.5657068694273162,1.5736980946134953,-1.2280215166432638,False,True,False,False,False,False,True,False,2
1.0121259396805056,-0.018027891609127298,0.9783801280642801,1.2370800975493068,0.09861953779848899,-0.0027018940446737567,False,False,True,False,False,True,False,False,3
1.6107415312639024,0.8389107499083835,0.8747198637452676,0.5363833558051512,0.8010378981865872,-0.4344054750491079,True,False,False,False,True,False,False,False,3
0.48002319160637497,0.09298042929143228,-0.8183977867986042,1.2370800975493068,1.5736980946134953,1.6864935613830674,False,False,True,False,True,False,False,False,0
-0.5841823045418862,-0.18834002586072304,0.529185649348559,-0.5146617568110825,-1.2359753469388977,0.6481180645293644,False,False,True,False,False,False,False,True,1
1.47771584424537,-0.30256343767730726,-1.6822333227903756,1.5874284684213849,-1.2359753469388977,0.29405414486849096,False,False,True,False,False,False,True,False,0
-1.4488492701623485,-0.2470300491277909,-1.7167867442300464,1.5874284684213849,1.4332144225358756,-1.6082021328432348,False,True,False,False,False,False,False,True,2
-1.1827978961252832,1.7522303948532718,0.9438267066246093,-0.16431338593900463,-0.8847661667448485,-1.330052548718287,False,True,False,False,False,True,False,False,1
-1.1827978961252832,-1.2671491686831702,1.462128028219672,-1.5657068694273162,0.37958688195372825,0.8735944666447596,False,True,False,False,False,False,True,False,3
-0.8502336785789515,-1.2511321703015201,-0.5074169938415666,-1.2153584985552384,0.30934504591491846,1.259559998787976,False,False,True,False,True,False,False,False,0
-1.5153621136716147,-0.24074600779192457,-0.33464988664321227,-0.5146617568110825,-0.04186413427913066,-0.11305508589769972,False,False,True,False,False,False,False,True,2
0.6130488786249076,-0.14388408692187335,1.6003417139783556,-0.16431338593900463,1.643939930652305,1.4368625979607872,False,False,True,False,False,False,False,True,3
-1.4488492701623485,1.0808024991903822,0.21820485639152137,0.886731726677229,0.02837770175967916,-1.1928384021346348,True,False,False,False,False,False,True,False,2
-0.9832593655974842,-0.6927585624857513,-0.30009646520354144,-0.16431338593900463,-0.5335569865507994,1.6066211254649208,True,False,False,False,True,False,False,False,0
1.078638783189772,-0.48453758352430143,-0.887504629677946,-1.2153584985552384,0.9415215702642069,1.6732998934423315,False,True,False,True,False,False,False,False,0
0.8791002526619729,0.6918057264506383,0.21820485639152137,0.18603498493307324,-1.7979100352493762,-0.6045699615668028,False,True,False,True,False,False,False,False,1
-1.3823364266530822,-0.6770338450964671,0.8747198637452676,1.5874284684213849,-0.25258964239556014,0.4752471845879292,False,False,True,False,False,True,False,False,3
-1.3823364266530822,0.7189001744429551,-0.36920330808288315,-0.16431338593900463,1.0820052423418265,-1.4115826506084748,False,True,False,False,False,False,False,True,2
-1.4488492701623485,0.7363785777864345,0.4255253850295465,0.5363833558051512,1.2224889144194462,0.04334062407671449,True,False,False,False,True,False,False,False,2
-0.5176694610326199,0.056094568054858775,-1.5094662155920213,-1.2153584985552384,0.30934504591491846,0.5984895751215199,True,False,False,False,False,True,False,False,0
